Date,Transaction Description,Category,Amount,Type
2023-10-22,Ola,Transport,948,Debit
2024-05-07,Flipkart,Shopping,384,Debit
2023-06-08,Starbucks,Food,2436,Debit
2023-09-27,Ola,Transport,768,Debit
2023-03-05,Uber,Transport,476,Debit
2023-11-30,Ola,Transport,373,Debit
2023-12-05,Uber,Transport,950,Debit
2023-03-16,Uber,Transport,2158,Debit
2023-11-07,Flipkart,Shopping,798,Debit
2023-11-05,Starbucks,Food,1014,Debit
2023-05-23,Ola,Transport,682,Debit
2023-07-11,Amazon,Shopping,369,Debit
2023-02-11,Ola,Transport,2153,Debit
2023-07-11,Swiggy,Food,1675,Debit
2024-12-14,Blinkit,Groceries,1222,Debit
2023-03-30,Uber,Transport,543,Debit
2023-12-01,Amazon,Shopping,607,Debit
2024-10-02,Zomato,Food,2027,Debit
2023-04-04,Starbucks,Food,2085,Debit
2024-06-24,Mobile Recharge,Utilities,866,Debit
2023-02-04,Zomato,Food,1813,Debit
2023-11-11,Swiggy,Food,1874,Debit
2024-11-10,Blinkit,Groceries,1601,Debit
2023-08-29,Netflix,Entertainment,549,Debit
2024-01-28,Ola,Transport,2144,Debit
2024-02-25,Amazon Prime,Shopping,299,Debit
2023-08-25,Blinkit,Groceries,1691,Debit
2024-01-26,Mobile Recharge,Utilities,757,Debit
2023-08-16,Ola,Transport,2355,Debit
2024-11-18,Amazon,Shopping,796,Debit
2023-02-27,Uber,Transport,2358,Debit
2024-11-24,Blinkit,Groceries,544,Debit
2024-10-14,Flipkart,Shopping,1730,Debit
2023-01-19,Flipkart,Shopping,2394,Debit
2024-08-10,Uber,Transport,1042,Debit
2024-10-02,Flipkart,Shopping,2249,Debit
2024-04-25,Google Drive,Cloud,260,Debit
2023-06-30,Mobile Recharge,Utilities,686,Debit
2024-03-26,YouTube Premium,Entertainment,189,Debit
2024-09-11,Ola,Transport,1251,Debit
2024-06-19,Amazon,Shopping,1956,Debit
2023-04-10,Ola,Transport,1938,Debit
2024-05-23,Swiggy,Food,1012,Debit
2023-11-27,Starbucks,Food,1178,Debit
2024-04-25,Internet Bill,Utilities,1065,Debit
2023-05-15,Uber,Transport,1299,Debit
2024-05-02,Swiggy,Food,1173,Debit
2024-07-28,Uber,Transport,933,Debit
2023-08-11,Blinkit,Groceries,1526,Debit
2024-09-22,Ola,Transport,1810,Debit
2024-06-05,Amazon,Shopping,2477,Debit
2024-12-09,Swiggy,Food,2210,Debit
2024-04-06,Uber,Transport,2093,Debit
2024-11-04,Ola,Transport,333,Debit
2024-04-17,Ola,Transport,1428,Debit
2023-03-24,Ola,Transport,1527,Debit
2024-10-10,Blinkit,Groceries,1557,Debit
2024-08-29,Amazon,Shopping,991,Debit
2023-05-16,Amazon,Shopping,1194,Debit
2024-12-24,Zomato,Food,1713,Debit
2023-06-07,Ola,Transport,520,Debit
2024-07-11,Swiggy,Food,939,Debit
2023-09-28,Buy Now Pay Later EMI,Loan,3100,Debit
2024-12-15,Amazon,Shopping,1563,Debit
2023-01-10,Starbucks,Food,1715,Debit
2024-12-13,Zomato,Food,1200,Debit
2023-11-15,Swiggy,Food,539,Debit
2023-08-24,Amazon,Shopping,2368,Debit
2024-08-23,Netflix,Entertainment,549,Debit
2023-09-26,Starbucks,Food,506,Debit
2024-10-16,Swiggy,Food,712,Debit
2024-09-28,Zomato,Food,1803,Debit
2023-10-01,Flipkart,Shopping,854,Debit
2023-05-10,Swiggy,Food,2437,Debit
2024-09-03,Amazon,Shopping,1982,Debit
2024-10-22,Starbucks,Food,2432,Debit
2023-11-18,Blinkit,Groceries,2147,Debit
2024-04-29,Zomato,Food,1752,Debit
2023-08-11,Blinkit,Groceries,780,Debit
2024-05-21,Flipkart,Shopping,1490,Debit
2024-03-08,Ola,Transport,1389,Debit
2023-11-06,Ola,Transport,1004,Debit
2024-03-13,Ola,Transport,2146,Debit
2023-09-20,Flipkart,Shopping,1718,Debit
2024-10-22,Internet Bill,Utilities,1381,Debit
2024-05-21,Flipkart,Shopping,570,Debit
2024-10-22,Netflix,Entertainment,549,Debit
2023-08-21,Flipkart,Shopping,1138,Debit
2023-12-27,Netflix,Entertainment,549,Debit
2023-03-21,Swiggy,Food,1650,Debit
2023-01-31,Mobile Recharge,Utilities,856,Debit
2023-10-15,Starbucks,Food,376,Debit
2023-12-22,Blinkit,Groceries,1180,Debit
2023-02-28,Zomato,Food,343,Debit
2024-04-07,Blinkit,Groceries,613,Debit
2024-01-23,Uber,Transport,2490,Debit
2024-08-12,Blinkit,Groceries,1213,Debit
2023-05-03,Blinkit,Groceries,1409,Debit
2024-07-01,Zomato,Food,882,Debit
2023-04-14,Flipkart,Shopping,1688,Debit
2024-11-25,Blinkit,Groceries,1181,Debit
2024-06-09,Ola,Transport,2257,Debit
2024-07-11,Flipkart,Shopping,1378,Debit
2023-11-27,Salary,Income,30000,Credit
2023-07-19,Ola,Transport,1445,Debit
2023-05-22,Blinkit,Groceries,2429,Debit
2024-12-19,Uber,Transport,468,Debit
2024-09-27,Blinkit,Groceries,1170,Debit
2024-06-11,Starbucks,Food,407,Debit
2023-06-28,Flipkart,Shopping,1386,Debit
2024-02-06,Flipkart,Shopping,2022,Debit
2023-07-14,Zomato,Food,2182,Debit
2024-07-24,Salary,Income,28000,Credit
2023-05-24,Uber,Transport,1218,Debit
2023-12-04,Uber,Transport,1412,Debit
2024-05-15,Flipkart,Shopping,830,Debit
2023-10-29,Uber,Transport,302,Debit
2023-05-31,Credit Card EMI,Loan,4200,Debit
2023-03-02,Zomato,Food,900,Debit
2023-06-03,Blinkit,Groceries,515,Debit
2024-10-15,Blinkit,Groceries,349,Debit
2024-10-05,Amazon,Shopping,1818,Debit
2023-08-05,Blinkit,Groceries,2128,Debit
2024-09-18,Flipkart,Shopping,1681,Debit
2023-08-12,Uber,Transport,751,Debit
2023-05-02,Uber,Transport,1126,Debit
2024-09-17,Zomato,Food,1802,Debit
2023-04-18,Starbucks,Food,1400,Debit
2023-09-21,Flipkart,Shopping,2480,Debit
2024-05-02,Blinkit,Groceries,712,Debit
2024-07-02,Uber,Transport,572,Debit
2023-03-23,Starbucks,Food,1989,Debit
2024-10-24,Uber,Transport,1860,Debit
2023-04-09,Flipkart,Shopping,1802,Debit
2024-11-08,Amazon,Shopping,753,Debit
2023-08-22,Zomato,Food,315,Debit
2023-08-02,Swiggy,Food,1707,Debit
2024-08-25,Blinkit,Groceries,1482,Debit
2024-04-25,Uber,Transport,875,Debit
2023-10-20,Uber,Transport,2253,Debit
2024-06-09,Uber,Transport,1165,Debit
2023-11-27,Amazon,Shopping,1301,Debit
2024-08-20,Zomato,Food,1187,Debit
2024-06-01,Uber,Transport,1390,Debit
2024-04-07,Uber,Transport,885,Debit
2024-04-28,Uber,Transport,1482,Debit
2024-09-22,Zomato,Food,720,Debit
2024-01-18,Blinkit,Groceries,1061,Debit
2024-02-06,Swiggy,Food,2267,Debit
2024-09-07,Ola,Transport,950,Debit
2024-05-03,Flipkart,Shopping,2029,Debit
2023-09-03,Swiggy,Food,1410,Debit
2023-01-29,Amazon,Shopping,1488,Debit
2023-01-08,Starbucks,Food,952,Debit
2024-02-25,Internet Bill,Utilities,1025,Debit
2024-04-14,Flipkart,Shopping,894,Debit
2023-03-02,Spotify,Music,199,Debit
2024-05-29,Swiggy,Food,2440,Debit
2023-08-11,Ola,Transport,1919,Debit
2023-10-21,Swiggy,Food,478,Debit
2024-07-21,Starbucks,Food,352,Debit
2023-02-11,Flipkart,Shopping,1248,Debit
2024-08-22,Starbucks,Food,2488,Debit
2024-05-25,Spotify,Music,199,Debit
2023-12-02,Swiggy,Food,1427,Debit
2024-03-26,Internet Bill,Utilities,1182,Debit
2023-10-03,Amazon,Shopping,2449,Debit
2023-08-26,Amazon,Shopping,2065,Debit
2023-08-22,Flipkart,Shopping,670,Debit
2024-07-02,Blinkit,Groceries,443,Debit
2024-09-08,Flipkart,Shopping,359,Debit
2023-07-10,Ola,Transport,1757,Debit
2024-04-25,Apple Music,Music,149,Debit
2024-12-28,Ola,Transport,1737,Debit
2024-04-16,Flipkart,Shopping,751,Debit
2023-05-01,Ola,Transport,2213,Debit
2023-06-03,Blinkit,Groceries,1571,Debit
2023-06-30,Amazon Prime,Shopping,299,Debit
2023-08-03,Blinkit,Groceries,1985,Debit
2023-01-31,Internet Bill,Utilities,1216,Debit
2024-04-11,Zomato,Food,1684,Debit
2024-11-27,Zomato,Food,1089,Debit
2024-02-06,Uber,Transport,1104,Debit
2023-06-18,Zomato,Food,608,Debit
2024-04-28,Ola,Transport,1913,Debit
2024-11-21,Electricity Bill,Utilities,2351,Debit
2024-10-04,Swiggy,Food,1149,Debit
2023-02-23,Uber,Transport,2014,Debit
2024-12-17,Starbucks,Food,532,Debit
2023-09-25,Flipkart,Shopping,1785,Debit
2024-01-23,Flipkart,Shopping,1804,Debit
2024-05-04,Ola,Transport,1489,Debit
2023-03-08,Uber,Transport,1647,Debit
2023-03-29,Starbucks,Food,941,Debit
2024-10-17,Blinkit,Groceries,1792,Debit
2024-05-11,Uber,Transport,1631,Debit
2023-02-27,Amazon,Shopping,910,Debit
2024-02-05,Zomato,Food,1498,Debit
2024-01-06,Swiggy,Food,915,Debit
2023-01-10,Starbucks,Food,314,Debit
2023-05-31,Google Drive,Cloud,260,Debit
2023-01-01,Blinkit,Groceries,528,Debit
2023-09-08,Amazon,Shopping,1254,Debit
2023-03-15,Ola,Transport,2258,Debit
2023-01-23,Uber,Transport,915,Debit
2023-02-15,Starbucks,Food,1376,Debit
2024-08-11,Ola,Transport,2234,Debit
2023-07-16,Flipkart,Shopping,341,Debit
2023-08-19,Zomato,Food,1526,Debit
2024-05-25,Hotstar,Entertainment,399,Debit
2024-06-02,Ola,Transport,890,Debit
2024-02-14,Amazon,Shopping,678,Debit
2023-04-02,Uber,Transport,2271,Debit
2024-11-21,Swiggy,Food,1483,Debit
2024-03-05,Uber,Transport,1012,Debit
2024-06-26,Blinkit,Groceries,1726,Debit
2024-12-05,Zomato,Food,1505,Debit
2024-02-25,Apple Music,Music,149,Debit
2024-08-17,Flipkart,Shopping,2305,Debit
2024-10-01,Blinkit,Groceries,1289,Debit
2023-09-20,Zomato,Food,1647,Debit
2024-06-18,Uber,Transport,1209,Debit
2024-02-20,Uber,Transport,1419,Debit
2023-07-25,Swiggy,Food,1051,Debit
2024-05-12,Amazon,Shopping,1767,Debit
2023-09-17,Zomato,Food,2122,Debit
2024-12-22,Starbucks,Food,991,Debit
2024-09-18,Ola,Transport,2204,Debit
2024-03-26,Personal Loan EMI,Loan,8500,Debit
2023-01-05,Zomato,Food,1042,Debit
2024-03-11,Uber,Transport,1376,Debit
2024-03-19,Blinkit,Groceries,2385,Debit
2023-12-30,Ola,Transport,1151,Debit
2023-08-12,Flipkart,Shopping,2309,Debit
2023-05-01,Internet Bill,Utilities,1476,Debit
2023-11-06,Ola,Transport,308,Debit
2023-01-18,Flipkart,Shopping,316,Debit
2023-02-25,Swiggy,Food,586,Debit
2023-03-02,Buy Now Pay Later EMI,Loan,3100,Debit
2023-12-07,Starbucks,Food,1067,Debit
2024-12-11,Blinkit,Groceries,527,Debit
2024-08-23,Electricity Bill,Utilities,2447,Debit
2023-11-21,Uber,Transport,2215,Debit
2024-09-13,Blinkit,Groceries,859,Debit
2024-06-12,Starbucks,Food,1244,Debit
2023-11-18,Flipkart,Shopping,498,Debit
2023-07-27,Uber,Transport,392,Debit
2024-01-26,Apple Music,Music,149,Debit
2023-02-26,Amazon,Shopping,2348,Debit
2023-11-17,Blinkit,Groceries,2459,Debit
2023-07-11,Uber,Transport,1767,Debit
2023-01-01,Personal Loan EMI,Loan,8500,Debit
2024-12-27,Flipkart,Shopping,941,Debit
2023-08-15,Uber,Transport,693,Debit
2024-05-01,Zomato,Food,1223,Debit
2024-12-11,Swiggy,Food,734,Debit
2023-06-23,Amazon,Shopping,695,Debit
2024-02-05,Blinkit,Groceries,473,Debit
2023-09-21,Ola,Transport,2145,Debit
2024-03-07,Amazon,Shopping,1540,Debit
2023-06-11,Uber,Transport,462,Debit
2024-08-13,Ola,Transport,364,Debit
2024-03-23,Uber,Transport,402,Debit
2023-10-01,Zomato,Food,328,Debit
2024-10-19,Zomato,Food,2423,Debit
2024-07-24,Spotify,Music,199,Debit
2023-07-06,Starbucks,Food,1567,Debit
2024-09-01,Starbucks,Food,915,Debit
2023-08-09,Uber,Transport,437,Debit
2024-02-25,Credit Card EMI,Loan,4200,Debit
2023-11-13,Flipkart,Shopping,1004,Debit
2024-06-19,Uber,Transport,2447,Debit
2023-01-19,Uber,Transport,857,Debit
2024-07-29,Zomato,Food,2020,Debit
2023-11-04,Blinkit,Groceries,1270,Debit
2024-11-10,Blinkit,Groceries,1376,Debit
2024-10-31,Blinkit,Groceries,1697,Debit
2023-03-02,Mobile Recharge,Utilities,689,Debit
2024-03-26,Flipkart,Shopping,1878,Debit
2023-11-08,Blinkit,Groceries,687,Debit
2023-03-20,Uber,Transport,814,Debit
2024-09-22,Flipkart,Shopping,1648,Debit
2024-11-14,Amazon,Shopping,547,Debit
2023-05-31,YouTube Premium,Entertainment,189,Debit
2024-08-31,Zomato,Food,2470,Debit
2023-01-01,Hotstar,Entertainment,399,Debit
2023-07-27,Amazon,Shopping,696,Debit
2024-01-16,Swiggy,Food,348,Debit
2023-09-17,Zomato,Food,731,Debit
2023-01-05,Swiggy,Food,1827,Debit
2024-02-20,Ola,Transport,1749,Debit
2023-03-05,Flipkart,Shopping,1248,Debit
2024-03-25,Amazon,Shopping,1750,Debit
2024-03-26,Hotstar,Entertainment,399,Debit
2024-07-29,Amazon,Shopping,389,Debit
2023-02-25,Amazon,Shopping,2239,Debit
2023-11-20,Amazon,Shopping,1713,Debit
2023-04-01,Apple Music,Music,149,Debit
2024-11-23,Ola,Transport,1532,Debit
2023-09-25,Amazon,Shopping,1009,Debit
2024-05-18,Zomato,Food,1845,Debit
2023-01-30,Zomato,Food,465,Debit
2024-03-19,Zomato,Food,2096,Debit
2024-05-22,Amazon,Shopping,727,Debit
2024-04-09,Uber,Transport,1578,Debit
2023-12-25,Amazon,Shopping,791,Debit
2024-12-04,Starbucks,Food,2444,Debit
2024-05-25,YouTube Premium,Entertainment,189,Debit
2024-10-06,Starbucks,Food,2450,Debit
2023-11-03,Blinkit,Groceries,930,Debit
2024-12-29,Uber,Transport,1756,Debit
2024-11-09,Swiggy,Food,1169,Debit
2023-03-02,Hotstar,Entertainment,399,Debit
2023-04-03,Uber,Transport,2162,Debit
2024-02-22,Ola,Transport,1129,Debit
2024-06-22,Amazon,Shopping,751,Debit
2024-04-25,Flipkart,Shopping,1034,Debit
2023-10-03,Uber,Transport,1726,Debit
2023-09-28,Gym Membership,Fitness,1800,Debit
2023-04-29,Blinkit,Groceries,1102,Debit
2023-09-21,Amazon,Shopping,1764,Debit
2024-09-22,Mobile Recharge,Utilities,627,Debit
2024-08-28,Zomato,Food,1874,Debit
2024-12-16,Amazon,Shopping,1660,Debit
2024-04-18,Ola,Transport,1902,Debit
2023-08-29,Uber,Transport,2117,Debit
2024-06-24,Hotstar,Entertainment,399,Debit
2024-01-22,Zomato,Food,1265,Debit
2023-01-08,Starbucks,Food,1491,Debit
2024-05-23,Amazon,Shopping,545,Debit
2023-01-09,Flipkart,Shopping,1509,Debit
2023-03-26,Uber,Transport,2199,Debit
2023-02-10,Uber,Transport,1549,Debit
2023-05-24,Ola,Transport,2482,Debit
2023-09-18,Starbucks,Food,2113,Debit
2024-04-04,Blinkit,Groceries,487,Debit
2024-09-10,Flipkart,Shopping,965,Debit
2023-05-17,Zomato,Food,1862,Debit
2024-01-29,Amazon,Shopping,1898,Debit
2023-11-16,Swiggy,Food,1423,Debit
2023-12-16,Amazon,Shopping,637,Debit
2023-10-10,Uber,Transport,1221,Debit
2024-01-13,Blinkit,Groceries,793,Debit
2023-07-14,Flipkart,Shopping,1635,Debit
2023-01-31,Buy Now Pay Later EMI,Loan,3100,Debit
2023-11-28,Amazon,Shopping,2353,Debit
2024-02-07,Swiggy,Food,1177,Debit
2024-07-11,Flipkart,Shopping,1232,Debit
2024-05-07,Blinkit,Groceries,962,Debit
2024-03-30,Blinkit,Groceries,583,Debit
2024-07-26,Flipkart,Shopping,652,Debit
2023-11-16,Uber,Transport,472,Debit
2024-10-27,Blinkit,Groceries,594,Debit
2024-10-04,Swiggy,Food,2192,Debit
2023-12-23,Swiggy,Food,1854,Debit
2024-08-27,Flipkart,Shopping,2189,Debit
2024-12-21,Zomato,Food,1014,Debit
2023-03-07,Flipkart,Shopping,1499,Debit
2023-01-07,Blinkit,Groceries,2024,Debit
2024-11-12,Blinkit,Groceries,1443,Debit
2023-01-31,Apple Music,Music,149,Debit
2024-01-12,Ola,Transport,518,Debit
2023-12-22,Swiggy,Food,760,Debit
2024-08-17,Zomato,Food,1732,Debit
2023-12-09,Starbucks,Food,900,Debit
2023-07-03,Blinkit,Groceries,1868,Debit
2024-01-07,Starbucks,Food,352,Debit
2024-05-03,Flipkart,Shopping,1171,Debit
2024-07-18,Uber,Transport,1353,Debit
2023-08-29,Amazon,Shopping,739,Debit
2023-09-28,YouTube Premium,Entertainment,189,Debit
2024-01-26,Amazon Prime,Shopping,299,Debit
2024-04-17,Uber,Transport,2289,Debit
2024-05-20,Zomato,Food,1308,Debit
2023-07-09,Swiggy,Food,1933,Debit
2023-04-17,Ola,Transport,1305,Debit
2024-09-18,Blinkit,Groceries,342,Debit
2024-09-22,Gym Membership,Fitness,1800,Debit
2023-01-12,Amazon,Shopping,609,Debit
2023-06-27,Swiggy,Food,896,Debit
2023-10-24,Swiggy,Food,2126,Debit
2024-08-31,Flipkart,Shopping,2288,Debit
2024-08-06,Blinkit,Groceries,569,Debit
2023-05-05,Zomato,Food,1001,Debit
2023-06-22,Ola,Transport,1365,Debit
2024-09-16,Amazon,Shopping,1060,Debit
2023-12-26,Amazon,Shopping,1030,Debit
2023-11-05,Flipkart,Shopping,486,Debit
2023-07-22,Starbucks,Food,323,Debit
2023-08-11,Swiggy,Food,837,Debit
2024-07-12,Starbucks,Food,330,Debit
2024-11-25,Swiggy,Food,1990,Debit
2023-06-05,Starbucks,Food,1853,Debit
2024-11-26,Uber,Transport,803,Debit
2024-08-13,Amazon,Shopping,1868,Debit
2023-06-14,Zomato,Food,828,Debit
2023-01-01,Gym Membership,Fitness,1800,Debit
2023-11-27,Buy Now Pay Later EMI,Loan,3100,Debit
2024-06-06,Blinkit,Groceries,2213,Debit
2023-05-01,Mobile Recharge,Utilities,655,Debit
2023-05-15,Flipkart,Shopping,721,Debit
2023-10-31,Ola,Transport,2093,Debit
2023-08-17,Zomato,Food,1777,Debit
2023-01-30,Flipkart,Shopping,971,Debit
2024-12-08,Ola,Transport,2308,Debit
2023-10-08,Amazon,Shopping,2008,Debit
2024-06-07,Amazon,Shopping,2308,Debit
2024-12-31,Amazon,Shopping,2407,Debit
2023-07-27,Amazon,Shopping,2305,Debit
2023-07-30,Uber,Transport,1646,Debit
2023-12-03,Starbucks,Food,503,Debit
2024-01-04,Blinkit,Groceries,1011,Debit
2023-10-11,Blinkit,Groceries,1096,Debit
2023-05-05,Uber,Transport,579,Debit
2023-05-24,Starbucks,Food,1002,Debit
2024-03-26,Zomato,Food,2480,Debit
2024-12-21,Credit Card EMI,Loan,4200,Debit
2024-03-25,Flipkart,Shopping,1096,Debit
2024-02-19,Blinkit,Groceries,2088,Debit
2024-09-25,Zomato,Food,360,Debit
2024-04-09,Swiggy,Food,730,Debit
2023-07-30,Personal Loan EMI,Loan,8500,Debit
2024-06-24,Netflix,Entertainment,549,Debit
2023-06-21,Amazon,Shopping,1728,Debit
2024-07-14,Ola,Transport,1419,Debit
2023-04-01,Hotstar,Entertainment,399,Debit
2024-10-31,Ola,Transport,1514,Debit
2023-08-07,Swiggy,Food,1061,Debit
2024-10-19,Swiggy,Food,786,Debit
2024-01-30,Blinkit,Groceries,1049,Debit
2024-04-16,Flipkart,Shopping,1152,Debit
2023-07-30,Amazon Prime,Shopping,299,Debit
2024-12-21,Hotstar,Entertainment,399,Debit
2023-01-29,Zomato,Food,2317,Debit
2024-04-29,Amazon,Shopping,609,Debit
2024-01-03,Uber,Transport,1632,Debit
2024-06-14,Ola,Transport,830,Debit
2024-06-24,YouTube Premium,Entertainment,189,Debit
2024-01-19,Zomato,Food,631,Debit
2024-03-10,Swiggy,Food,1073,Debit
2023-05-31,Hotstar,Entertainment,399,Debit
2024-02-17,Ola,Transport,1107,Debit
2023-05-04,Blinkit,Groceries,2500,Debit
2024-05-29,Zomato,Food,1517,Debit
2024-06-30,Swiggy,Food,363,Debit
2024-09-29,Swiggy,Food,2121,Debit
2024-10-04,Zomato,Food,546,Debit
2023-09-21,Zomato,Food,1846,Debit
2024-11-21,Internet Bill,Utilities,1404,Debit
2023-06-07,Swiggy,Food,1639,Debit
2023-12-20,Starbucks,Food,880,Debit
2023-12-07,Blinkit,Groceries,1123,Debit
2023-08-28,Starbucks,Food,1351,Debit
2024-04-17,Blinkit,Groceries,1283,Debit
2024-01-31,Uber,Transport,2006,Debit
2023-08-01,Zomato,Food,877,Debit
2024-07-23,Uber,Transport,1078,Debit
2023-09-28,Spotify,Music,199,Debit
2023-10-05,Amazon,Shopping,2148,Debit
2023-05-18,Blinkit,Groceries,890,Debit
2024-02-23,Ola,Transport,1312,Debit
2023-08-18,Zomato,Food,1702,Debit
2024-03-03,Blinkit,Groceries,696,Debit
2024-11-22,Swiggy,Food,1506,Debit
2023-04-01,Starbucks,Food,2079,Debit
2023-05-29,Uber,Transport,941,Debit
2023-05-29,Swiggy,Food,2235,Debit
2023-01-20,Starbucks,Food,1240,Debit
2024-08-01,Swiggy,Food,1408,Debit
2024-01-21,Ola,Transport,1903,Debit
2023-06-12,Ola,Transport,2341,Debit
2024-05-11,Swiggy,Food,316,Debit
2024-02-01,Zomato,Food,2313,Debit
2024-03-28,Uber,Transport,1946,Debit
2024-07-07,Amazon,Shopping,1173,Debit
2024-02-23,Ola,Transport,1509,Debit
2023-02-06,Uber,Transport,2247,Debit
2024-12-01,Zomato,Food,1176,Debit
2024-08-21,Starbucks,Food,1888,Debit
2024-12-06,Swiggy,Food,1779,Debit
2024-05-31,Blinkit,Groceries,2233,Debit
2023-02-27,Ola,Transport,1754,Debit
2024-11-22,Zomato,Food,2038,Debit
2023-03-19,Ola,Transport,482,Debit
2023-08-29,Google Drive,Cloud,260,Debit
2024-08-23,Spotify,Music,199,Debit
2023-09-16,Ola,Transport,493,Debit
2024-09-18,Blinkit,Groceries,2267,Debit
2023-03-31,Starbucks,Food,1181,Debit
2024-03-20,Ola,Transport,390,Debit
2024-10-06,Flipkart,Shopping,1034,Debit
2024-03-20,Ola,Transport,1148,Debit
2023-06-14,Swiggy,Food,589,Debit
2023-12-28,Ola,Transport,2499,Debit
2024-07-29,Swiggy,Food,2249,Debit
2024-05-26,Flipkart,Shopping,796,Debit
2024-08-28,Starbucks,Food,1794,Debit
2023-06-03,Uber,Transport,1604,Debit
2023-02-22,Zomato,Food,352,Debit
2024-06-07,Zomato,Food,1789,Debit
2023-04-14,Amazon,Shopping,1610,Debit
2023-11-27,Credit Card EMI,Loan,4200,Debit
2023-01-04,Starbucks,Food,1934,Debit
2023-12-21,Zomato,Food,470,Debit
2023-05-30,Swiggy,Food,1091,Debit
2023-02-14,Starbucks,Food,631,Debit
2023-09-24,Zomato,Food,2471,Debit
2023-04-14,Flipkart,Shopping,1770,Debit
2023-01-16,Blinkit,Groceries,1867,Debit
2024-02-11,Amazon,Shopping,1540,Debit
2023-06-02,Amazon,Shopping,1722,Debit
2023-05-16,Blinkit,Groceries,481,Debit
2024-08-22,Uber,Transport,2024,Debit
2023-10-17,Blinkit,Groceries,2019,Debit
2023-10-28,YouTube Premium,Entertainment,189,Debit
2024-07-12,Flipkart,Shopping,2177,Debit
2024-08-15,Flipkart,Shopping,1678,Debit
2023-01-05,Ola,Transport,1575,Debit
2023-06-30,Zomato,Food,1674,Debit
2024-07-16,Blinkit,Groceries,1297,Debit
2024-04-25,Netflix,Entertainment,549,Debit
2023-06-12,Ola,Transport,1871,Debit
2023-05-18,Uber,Transport,1157,Debit
2023-06-30,Amazon,Shopping,1872,Debit
2023-06-25,Blinkit,Groceries,1248,Debit
2024-04-19,Amazon,Shopping,836,Debit
2024-12-19,Amazon,Shopping,664,Debit
2023-11-27,Netflix,Entertainment,549,Debit
2024-01-12,Ola,Transport,1210,Debit
2024-06-09,Uber,Transport,1900,Debit
2023-06-24,Blinkit,Groceries,801,Debit
2023-05-15,Swiggy,Food,788,Debit
2024-09-19,Amazon,Shopping,604,Debit
2023-05-31,Spotify,Music,199,Debit
2024-01-31,Swiggy,Food,1225,Debit
2023-07-12,Uber,Transport,2169,Debit
2023-05-03,Swiggy,Food,2105,Debit
2023-07-04,Blinkit,Groceries,1506,Debit
2023-10-08,Uber,Transport,511,Debit
2024-02-11,Flipkart,Shopping,1295,Debit
2024-06-29,Zomato,Food,629,Debit
2024-01-18,Amazon,Shopping,1351,Debit
2023-08-31,Uber,Transport,1638,Debit
2023-06-26,Ola,Transport,1558,Debit
2023-03-04,Starbucks,Food,1671,Debit
2024-04-10,Swiggy,Food,2285,Debit
2024-08-07,Starbucks,Food,1737,Debit
2023-07-04,Starbucks,Food,780,Debit
2023-11-22,Amazon,Shopping,2267,Debit
2024-06-24,Starbucks,Food,1271,Debit
2024-01-27,Flipkart,Shopping,914,Debit
2024-03-26,Netflix,Entertainment,549,Debit
2024-08-13,Amazon,Shopping,913,Debit
2023-04-08,Blinkit,Groceries,1382,Debit
2024-11-10,Zomato,Food,842,Debit
2023-08-29,Spotify,Music,199,Debit
2023-04-16,Ola,Transport,756,Debit
2024-05-14,Flipkart,Shopping,1344,Debit
2024-12-27,Starbucks,Food,1694,Debit
2024-01-08,Flipkart,Shopping,1197,Debit
2023-01-07,Blinkit,Groceries,628,Debit
2024-04-30,Starbucks,Food,978,Debit
2023-01-03,Flipkart,Shopping,1061,Debit
2024-11-17,Amazon,Shopping,1308,Debit
2024-09-02,Amazon,Shopping,2099,Debit
2024-10-22,Mobile Recharge,Utilities,707,Debit
2023-01-03,Blinkit,Groceries,1258,Debit
2023-03-18,Blinkit,Groceries,2334,Debit
2024-07-25,Ola,Transport,2335,Debit
2023-06-27,Ola,Transport,1712,Debit
2023-02-26,Uber,Transport,1490,Debit
2023-02-16,Ola,Transport,1170,Debit
2023-02-06,Ola,Transport,1006,Debit
2023-11-12,Amazon,Shopping,841,Debit
2023-03-01,Ola,Transport,660,Debit
2024-08-23,Hotstar,Entertainment,399,Debit
2023-07-13,Zomato,Food,520,Debit
2023-04-05,Starbucks,Food,301,Debit
2024-10-05,Zomato,Food,2173,Debit
2024-03-26,Swiggy,Food,1632,Debit
2023-11-16,Flipkart,Shopping,1005,Debit
2023-01-27,Blinkit,Groceries,628,Debit
2023-08-30,Blinkit,Groceries,2447,Debit
2023-09-19,Blinkit,Groceries,850,Debit
2024-02-24,Amazon,Shopping,837,Debit
2024-03-21,Starbucks,Food,905,Debit
2024-08-18,Ola,Transport,452,Debit
2023-12-02,Swiggy,Food,1642,Debit
2023-03-13,Swiggy,Food,2380,Debit
2024-05-30,Ola,Transport,568,Debit
2023-10-28,Salary,Income,32000,Credit
2023-05-08,Ola,Transport,1439,Debit
2024-06-18,Blinkit,Groceries,789,Debit
2023-03-21,Flipkart,Shopping,912,Debit
2023-03-02,Salary,Income,28000,Credit
2023-06-30,Ola,Transport,1627,Debit
2023-06-15,Flipkart,Shopping,1099,Debit
2023-10-28,Gym Membership,Fitness,1800,Debit
2024-04-07,Amazon,Shopping,1612,Debit
2024-07-19,Swiggy,Food,1611,Debit
2024-12-18,Zomato,Food,772,Debit
2023-03-02,Gym Membership,Fitness,1800,Debit
2023-12-09,Zomato,Food,1182,Debit
2023-08-22,Flipkart,Shopping,1030,Debit
2024-06-22,Swiggy,Food,2186,Debit
2023-01-22,Flipkart,Shopping,2491,Debit
2023-09-14,Zomato,Food,915,Debit
2024-06-24,Personal Loan EMI,Loan,8500,Debit
2023-12-01,Blinkit,Groceries,2435,Debit
2024-01-27,Ola,Transport,2357,Debit
2023-12-22,Starbucks,Food,1456,Debit
2024-01-20,Uber,Transport,1528,Debit
2023-04-13,Flipkart,Shopping,314,Debit
2023-02-09,Amazon,Shopping,1344,Debit
2023-07-24,Flipkart,Shopping,332,Debit
2024-04-27,Flipkart,Shopping,716,Debit
2023-01-09,Flipkart,Shopping,1109,Debit
2024-09-27,Amazon,Shopping,921,Debit
2024-09-19,Amazon,Shopping,932,Debit
2023-12-12,Flipkart,Shopping,1635,Debit
2024-06-30,Uber,Transport,1797,Debit
2024-01-25,Uber,Transport,363,Debit
2024-07-22,Flipkart,Shopping,927,Debit
2024-02-10,Swiggy,Food,2139,Debit
2024-06-03,Ola,Transport,417,Debit
2024-06-25,Flipkart,Shopping,2484,Debit
2024-06-05,Zomato,Food,959,Debit
2024-07-24,Personal Loan EMI,Loan,8500,Debit
2023-06-03,Zomato,Food,2414,Debit
2024-01-22,Amazon,Shopping,391,Debit
2023-06-13,Amazon,Shopping,2139,Debit
2024-02-28,Blinkit,Groceries,1031,Debit
2024-02-15,Uber,Transport,1239,Debit
2023-07-31,Starbucks,Food,1868,Debit
2024-12-18,Starbucks,Food,2102,Debit
2023-01-01,Salary,Income,30000,Credit
2024-03-26,Mobile Recharge,Utilities,794,Debit
2023-03-10,Amazon,Shopping,730,Debit
2023-07-21,Starbucks,Food,2460,Debit
2023-08-29,Personal Loan EMI,Loan,8500,Debit
2024-08-16,Uber,Transport,737,Debit
2023-03-10,Flipkart,Shopping,1845,Debit
2023-11-23,Swiggy,Food,453,Debit
2023-08-29,Mobile Recharge,Utilities,813,Debit
2023-09-19,Ola,Transport,339,Debit
2023-06-15,Ola,Transport,497,Debit
2023-12-20,Uber,Transport,382,Debit
2023-05-28,Swiggy,Food,602,Debit
2023-08-07,Starbucks,Food,1657,Debit
2023-05-31,Uber,Transport,1187,Debit
2024-03-17,Ola,Transport,2448,Debit
2024-11-26,Blinkit,Groceries,340,Debit
2023-05-13,Zomato,Food,2077,Debit
2023-12-27,Spotify,Music,199,Debit
2024-08-01,Uber,Transport,1170,Debit
2023-05-10,Ola,Transport,1546,Debit
2023-09-09,Uber,Transport,1884,Debit
2024-07-24,Electricity Bill,Utilities,2760,Debit
2023-07-02,Starbucks,Food,1058,Debit
2024-11-27,Flipkart,Shopping,2004,Debit
2023-05-08,Uber,Transport,1706,Debit
2023-05-04,Ola,Transport,2396,Debit
2024-01-15,Zomato,Food,1783,Debit
2024-07-24,Gym Membership,Fitness,1800,Debit
2023-10-21,Blinkit,Groceries,1927,Debit
2023-06-19,Blinkit,Groceries,1970,Debit
2024-07-24,Hotstar,Entertainment,399,Debit
2024-11-21,Spotify,Music,199,Debit
2023-06-22,Amazon,Shopping,1766,Debit
2023-09-08,Flipkart,Shopping,1520,Debit
2024-08-27,Starbucks,Food,2258,Debit
2023-05-22,Swiggy,Food,2111,Debit
2023-10-09,Zomato,Food,2149,Debit
2024-02-26,Starbucks,Food,1166,Debit
2023-12-27,Gym Membership,Fitness,1800,Debit
2024-01-04,Uber,Transport,576,Debit
2024-12-21,Internet Bill,Utilities,1225,Debit
2023-04-06,Amazon,Shopping,382,Debit
2024-10-10,Starbucks,Food,1717,Debit
2023-05-01,Credit Card EMI,Loan,4200,Debit
2023-06-16,Swiggy,Food,2065,Debit
2024-12-10,Zomato,Food,1811,Debit
2023-08-31,Ola,Transport,392,Debit
2023-10-09,Flipkart,Shopping,2106,Debit
2023-02-08,Flipkart,Shopping,2330,Debit
2024-02-09,Flipkart,Shopping,2109,Debit
2024-09-23,Starbucks,Food,992,Debit
2024-11-10,Blinkit,Groceries,1259,Debit
2023-02-11,Uber,Transport,620,Debit
2023-03-05,Starbucks,Food,2250,Debit
2024-12-28,Uber,Transport,1573,Debit
2023-10-24,Ola,Transport,2269,Debit
2023-08-23,Ola,Transport,520,Debit
2023-03-02,Personal Loan EMI,Loan,8500,Debit
2023-08-04,Amazon,Shopping,602,Debit
2024-06-28,Swiggy,Food,393,Debit
2024-11-16,Amazon,Shopping,2398,Debit
2024-07-16,Uber,Transport,2003,Debit
2023-12-27,Hotstar,Entertainment,399,Debit
2024-10-22,Electricity Bill,Utilities,1887,Debit
2024-12-27,Uber,Transport,1840,Debit
2024-03-10,Amazon,Shopping,508,Debit
2023-08-21,Starbucks,Food,2069,Debit
2024-04-13,Zomato,Food,443,Debit
2024-09-10,Starbucks,Food,1021,Debit
2023-09-30,Starbucks,Food,463,Debit
2024-05-11,Flipkart,Shopping,1322,Debit
2024-01-09,Blinkit,Groceries,722,Debit
2023-09-09,Blinkit,Groceries,1605,Debit
2024-03-02,Starbucks,Food,466,Debit
2023-02-05,Ola,Transport,2285,Debit
2024-04-03,Swiggy,Food,767,Debit
2023-07-03,Zomato,Food,793,Debit
2023-08-02,Ola,Transport,1282,Debit
2023-04-23,Starbucks,Food,2387,Debit
2024-10-18,Zomato,Food,657,Debit
2024-02-02,Blinkit,Groceries,2254,Debit
2024-06-11,Flipkart,Shopping,666,Debit
2023-09-11,Zomato,Food,879,Debit
2023-06-07,Uber,Transport,619,Debit
2024-01-20,Starbucks,Food,638,Debit
2023-08-07,Starbucks,Food,1903,Debit
2023-06-27,Ola,Transport,1087,Debit
2024-11-16,Flipkart,Shopping,1912,Debit
2023-10-25,Starbucks,Food,1596,Debit
2023-06-02,Uber,Transport,885,Debit
2024-07-29,Zomato,Food,1517,Debit
2023-01-03,Amazon,Shopping,780,Debit
2024-02-20,Amazon,Shopping,1336,Debit
2024-02-15,Blinkit,Groceries,669,Debit
2024-06-21,Ola,Transport,1356,Debit
2024-01-07,Starbucks,Food,1616,Debit
2024-11-21,Hotstar,Entertainment,399,Debit
2024-09-22,Internet Bill,Utilities,1081,Debit
2023-03-03,Zomato,Food,1625,Debit
2024-06-13,Zomato,Food,715,Debit
2024-03-16,Amazon,Shopping,769,Debit
2024-10-16,Starbucks,Food,1729,Debit
2024-01-01,Ola,Transport,1823,Debit
2023-11-08,Amazon,Shopping,1416,Debit
2024-05-06,Starbucks,Food,878,Debit
2023-06-30,Zomato,Food,1952,Debit
2023-12-27,Starbucks,Food,1888,Debit
2024-09-30,Starbucks,Food,1727,Debit
2024-05-29,Blinkit,Groceries,1800,Debit
2023-09-23,Zomato,Food,1493,Debit
2024-02-19,Uber,Transport,2327,Debit
2024-12-13,Blinkit,Groceries,2434,Debit
2024-07-10,Flipkart,Shopping,1283,Debit
2023-05-01,YouTube Premium,Entertainment,189,Debit
2023-01-01,Electricity Bill,Utilities,3423,Debit
2024-02-25,Flipkart,Shopping,1611,Debit
2024-10-25,Zomato,Food,1547,Debit
2023-03-02,Amazon,Shopping,1085,Debit
2024-03-26,Apple Music,Music,149,Debit
2023-10-26,Flipkart,Shopping,796,Debit
2023-02-04,Blinkit,Groceries,603,Debit
2023-03-29,Flipkart,Shopping,1182,Debit
2024-10-12,Flipkart,Shopping,772,Debit
2023-12-06,Amazon,Shopping,2070,Debit
2024-07-24,Flipkart,Shopping,1421,Debit
2024-05-12,Ola,Transport,626,Debit
2023-02-15,Flipkart,Shopping,1712,Debit
2024-02-28,Amazon,Shopping,1164,Debit
2023-11-30,Amazon,Shopping,1904,Debit
2024-11-12,Swiggy,Food,1541,Debit
2024-05-07,Flipkart,Shopping,2451,Debit
2023-12-27,Buy Now Pay Later EMI,Loan,3100,Debit
2023-02-26,Amazon,Shopping,2134,Debit
2023-08-24,Starbucks,Food,2249,Debit
2024-08-23,Gym Membership,Fitness,1800,Debit
2023-03-02,Internet Bill,Utilities,1103,Debit
2023-01-30,Starbucks,Food,1408,Debit
2023-08-28,Starbucks,Food,2214,Debit
2023-05-08,Flipkart,Shopping,2197,Debit
2024-06-17,Starbucks,Food,1045,Debit
2023-03-22,Starbucks,Food,1381,Debit
2023-06-30,Credit Card EMI,Loan,4200,Debit
2024-02-04,Uber,Transport,1344,Debit
2024-07-31,Blinkit,Groceries,2146,Debit
2023-07-30,Flipkart,Shopping,2162,Debit
2024-12-21,Personal Loan EMI,Loan,8500,Debit
2023-06-11,Zomato,Food,1236,Debit
2024-03-23,Zomato,Food,2142,Debit
2024-10-03,Swiggy,Food,1165,Debit
2023-08-19,Zomato,Food,501,Debit
2024-09-30,Blinkit,Groceries,2349,Debit
2024-12-21,YouTube Premium,Entertainment,189,Debit
2023-03-03,Swiggy,Food,1192,Debit
2023-01-14,Ola,Transport,710,Debit
2023-07-30,Flipkart,Shopping,393,Debit
2024-04-29,Zomato,Food,1588,Debit
2024-04-14,Uber,Transport,1450,Debit
2024-04-15,Zomato,Food,1799,Debit
2024-12-20,Uber,Transport,1303,Debit
2024-12-30,Amazon,Shopping,2308,Debit
2024-06-06,Blinkit,Groceries,2443,Debit
2024-01-01,Blinkit,Groceries,1785,Debit
2024-03-04,Flipkart,Shopping,2336,Debit
2024-06-24,Credit Card EMI,Loan,4200,Debit
2023-02-05,Ola,Transport,711,Debit
2024-10-12,Uber,Transport,1091,Debit
2024-06-16,Flipkart,Shopping,1607,Debit
2024-04-25,Personal Loan EMI,Loan,8500,Debit
2023-06-25,Swiggy,Food,412,Debit
2023-11-28,Zomato,Food,1399,Debit
2024-04-25,Blinkit,Groceries,2223,Debit
2023-09-28,Mobile Recharge,Utilities,640,Debit
2024-06-27,Blinkit,Groceries,1082,Debit
2023-01-01,Netflix,Entertainment,549,Debit
2023-05-26,Amazon,Shopping,1792,Debit
2023-06-17,Ola,Transport,1421,Debit
2024-07-16,Starbucks,Food,2185,Debit
2023-10-22,Uber,Transport,1743,Debit
2023-07-29,Zomato,Food,1237,Debit
2024-01-26,Blinkit,Groceries,1221,Debit
2024-08-16,Blinkit,Groceries,913,Debit
2024-10-27,Swiggy,Food,387,Debit
2023-01-03,Zomato,Food,2353,Debit
2024-10-08,Starbucks,Food,1797,Debit
2024-01-27,Uber,Transport,875,Debit
2024-10-27,Flipkart,Shopping,1466,Debit
2023-10-17,Swiggy,Food,372,Debit
2023-03-15,Zomato,Food,1715,Debit
2024-01-26,Hotstar,Entertainment,399,Debit
2024-07-19,Swiggy,Food,554,Debit
2024-02-25,Spotify,Music,199,Debit
2024-02-03,Amazon,Shopping,1047,Debit
2023-10-15,Flipkart,Shopping,1505,Debit
2023-11-02,Uber,Transport,1450,Debit
2024-06-05,Swiggy,Food,905,Debit
2024-05-14,Flipkart,Shopping,2380,Debit
2023-02-08,Swiggy,Food,456,Debit
2023-10-25,Amazon,Shopping,1736,Debit
2023-05-31,Netflix,Entertainment,549,Debit
2024-07-14,Flipkart,Shopping,839,Debit
2024-03-18,Blinkit,Groceries,2175,Debit
2023-10-17,Uber,Transport,336,Debit
2024-05-12,Blinkit,Groceries,2345,Debit
2024-10-17,Amazon,Shopping,1057,Debit
2024-11-09,Amazon,Shopping,2288,Debit
2024-02-04,Flipkart,Shopping,1632,Debit
2024-08-13,Ola,Transport,2455,Debit
2023-08-10,Zomato,Food,1578,Debit
2024-02-25,Personal Loan EMI,Loan,8500,Debit
2023-04-20,Uber,Transport,544,Debit
2023-01-20,Amazon,Shopping,949,Debit
2023-01-14,Uber,Transport,1384,Debit
2023-01-06,Flipkart,Shopping,1195,Debit
2024-12-17,Uber,Transport,317,Debit
2023-12-10,Uber,Transport,531,Debit
2024-06-13,Ola,Transport,2276,Debit
2023-12-27,Personal Loan EMI,Loan,8500,Debit
2024-07-19,Zomato,Food,308,Debit
2024-03-29,Ola,Transport,2089,Debit
2023-03-04,Flipkart,Shopping,1193,Debit
2024-07-24,Netflix,Entertainment,549,Debit
2023-01-27,Blinkit,Groceries,1828,Debit
2023-04-01,Salary,Income,32000,Credit
2024-04-25,Buy Now Pay Later EMI,Loan,3100,Debit
2024-04-23,Ola,Transport,2212,Debit
2023-03-25,Flipkart,Shopping,1942,Debit
2024-02-28,Uber,Transport,2116,Debit
2024-01-02,Blinkit,Groceries,2329,Debit
2024-09-01,Starbucks,Food,1866,Debit
2023-03-06,Flipkart,Shopping,1023,Debit
2023-12-08,Ola,Transport,2336,Debit
2024-07-24,Starbucks,Food,1922,Debit
2023-09-28,Salary,Income,30000,Credit
2024-08-09,Ola,Transport,2065,Debit
2023-04-01,Google Drive,Cloud,260,Debit
2024-05-18,Ola,Transport,2229,Debit
2024-03-21,Starbucks,Food,2496,Debit
2023-08-28,Ola,Transport,895,Debit
2024-03-31,Blinkit,Groceries,1213,Debit
2023-03-31,Zomato,Food,2228,Debit
2024-11-16,Swiggy,Food,625,Debit
2023-06-12,Blinkit,Groceries,1020,Debit
2024-09-02,Ola,Transport,2087,Debit
2023-07-16,Swiggy,Food,770,Debit
2024-03-26,Spotify,Music,199,Debit
2024-04-17,Amazon,Shopping,1987,Debit
2023-06-30,Hotstar,Entertainment,399,Debit
2023-05-20,Blinkit,Groceries,856,Debit
2023-11-19,Ola,Transport,1295,Debit
2023-10-31,Starbucks,Food,1138,Debit
2024-09-01,Starbucks,Food,2004,Debit
2023-05-21,Uber,Transport,1971,Debit
2024-01-27,Zomato,Food,979,Debit
2024-03-07,Ola,Transport,764,Debit
2024-05-01,Flipkart,Shopping,1931,Debit
2024-07-25,Zomato,Food,1591,Debit
2024-08-20,Ola,Transport,1492,Debit
2023-07-08,Swiggy,Food,2283,Debit
2024-03-25,Zomato,Food,1977,Debit
2023-05-07,Ola,Transport,2385,Debit
2024-05-24,Ola,Transport,1737,Debit
2024-11-07,Starbucks,Food,888,Debit
2024-12-07,Flipkart,Shopping,344,Debit
2023-05-25,Starbucks,Food,1762,Debit
2024-07-31,Blinkit,Groceries,1715,Debit
2023-02-03,Uber,Transport,2063,Debit
2023-12-16,Ola,Transport,2053,Debit
2023-01-20,Blinkit,Groceries,535,Debit
2023-08-15,Ola,Transport,1511,Debit
2023-06-08,Zomato,Food,1533,Debit
2024-06-09,Flipkart,Shopping,1041,Debit
2024-08-27,Ola,Transport,2060,Debit
2023-01-31,YouTube Premium,Entertainment,189,Debit
2023-05-18,Zomato,Food,1657,Debit
2023-01-16,Uber,Transport,2262,Debit
2024-12-11,Zomato,Food,506,Debit
2024-10-21,Starbucks,Food,677,Debit
2024-07-24,Internet Bill,Utilities,1470,Debit
2023-03-17,Swiggy,Food,1185,Debit
2024-09-03,Zomato,Food,1542,Debit
2023-04-06,Flipkart,Shopping,546,Debit
2023-09-24,Ola,Transport,1752,Debit
2023-04-15,Blinkit,Groceries,595,Debit
2023-12-29,Amazon,Shopping,304,Debit
2023-12-17,Blinkit,Groceries,1192,Debit
2024-12-14,Uber,Transport,1811,Debit
2024-08-09,Swiggy,Food,2099,Debit
2023-04-02,Blinkit,Groceries,2118,Debit
2024-12-10,Zomato,Food,1057,Debit
2023-06-10,Zomato,Food,1634,Debit
2024-10-01,Flipkart,Shopping,1504,Debit
2023-04-20,Flipkart,Shopping,1360,Debit
2024-01-20,Blinkit,Groceries,1170,Debit
2023-08-20,Amazon,Shopping,2431,Debit
2024-07-25,Swiggy,Food,1893,Debit
2023-08-07,Ola,Transport,1385,Debit
2023-04-01,Gym Membership,Fitness,1800,Debit
2024-04-23,Swiggy,Food,2245,Debit
2023-01-31,Google Drive,Cloud,260,Debit
2023-04-03,Blinkit,Groceries,1528,Debit
2024-07-08,Amazon,Shopping,2012,Debit
2024-06-24,Salary,Income,30000,Credit
2023-03-10,Ola,Transport,1740,Debit
2024-06-24,Internet Bill,Utilities,1486,Debit
2024-10-03,Starbucks,Food,1917,Debit
2023-04-27,Zomato,Food,605,Debit
2023-01-10,Zomato,Food,2354,Debit
2024-11-07,Starbucks,Food,434,Debit
2024-10-20,Flipkart,Shopping,2110,Debit
2023-11-25,Amazon,Shopping,2296,Debit
2024-08-04,Starbucks,Food,1238,Debit
2023-07-21,Starbucks,Food,2421,Debit
2024-11-28,Starbucks,Food,1811,Debit
2024-08-16,Zomato,Food,893,Debit
2023-01-31,Starbucks,Food,2398,Debit
2024-06-25,Uber,Transport,772,Debit
2024-05-25,Apple Music,Music,149,Debit
2023-07-01,Blinkit,Groceries,729,Debit
2023-06-13,Starbucks,Food,1338,Debit
2024-06-01,Blinkit,Groceries,1898,Debit
2024-09-27,Zomato,Food,1219,Debit
2023-10-28,Electricity Bill,Utilities,2166,Debit
2023-03-10,Amazon,Shopping,703,Debit
2024-11-16,Uber,Transport,2199,Debit
2024-04-18,Ola,Transport,1029,Debit
2024-07-13,Starbucks,Food,1077,Debit
2023-04-04,Blinkit,Groceries,347,Debit
2024-03-16,Swiggy,Food,1105,Debit
2024-11-15,Flipkart,Shopping,661,Debit
2024-12-16,Uber,Transport,1014,Debit
2023-01-15,Uber,Transport,1773,Debit
2023-02-19,Zomato,Food,1445,Debit
2024-09-22,Blinkit,Groceries,2136,Debit
2023-01-06,Amazon,Shopping,733,Debit
2023-07-24,Starbucks,Food,377,Debit
2023-05-25,Zomato,Food,2263,Debit
2024-09-21,Flipkart,Shopping,446,Debit
2023-03-12,Starbucks,Food,828,Debit
2024-04-19,Zomato,Food,319,Debit
2023-10-04,Ola,Transport,2196,Debit
2024-07-13,Flipkart,Shopping,1658,Debit
2024-07-31,Starbucks,Food,2345,Debit
2023-05-19,Zomato,Food,582,Debit
2023-03-09,Starbucks,Food,2056,Debit
2024-12-02,Uber,Transport,2500,Debit
2023-10-18,Uber,Transport,786,Debit
2024-01-11,Amazon,Shopping,1957,Debit
2023-10-09,Uber,Transport,2290,Debit
2024-02-20,Flipkart,Shopping,1259,Debit
2024-04-02,Ola,Transport,1652,Debit
2024-04-09,Starbucks,Food,1036,Debit
2023-11-04,Blinkit,Groceries,2216,Debit
2024-06-17,Amazon,Shopping,1680,Debit
2024-01-22,Ola,Transport,578,Debit
2024-08-02,Ola,Transport,1587,Debit
2024-02-16,Zomato,Food,806,Debit
2023-02-28,Starbucks,Food,2175,Debit
2024-04-21,Uber,Transport,1884,Debit
2024-06-07,Amazon,Shopping,1653,Debit
2023-08-06,Swiggy,Food,2058,Debit
2023-05-06,Swiggy,Food,1455,Debit
2024-02-25,Hotstar,Entertainment,399,Debit
2024-06-08,Zomato,Food,414,Debit
2024-06-24,Amazon Prime,Shopping,299,Debit
2023-07-20,Starbucks,Food,1540,Debit
2024-05-10,Zomato,Food,1833,Debit
2024-10-22,Buy Now Pay Later EMI,Loan,3100,Debit
2024-07-31,Ola,Transport,476,Debit
2024-11-13,Swiggy,Food,1400,Debit
2023-11-27,Internet Bill,Utilities,1309,Debit
2023-08-14,Flipkart,Shopping,1590,Debit
2024-05-15,Swiggy,Food,1627,Debit
2024-05-28,Swiggy,Food,978,Debit
2024-09-14,Swiggy,Food,392,Debit
2024-07-09,Uber,Transport,1822,Debit
2024-03-20,Starbucks,Food,654,Debit
2024-08-09,Blinkit,Groceries,1140,Debit
2024-10-05,Blinkit,Groceries,2406,Debit
2024-01-23,Starbucks,Food,1408,Debit
2024-12-09,Blinkit,Groceries,569,Debit
2024-10-06,Zomato,Food,1634,Debit
2024-05-15,Uber,Transport,1693,Debit
2024-04-25,Electricity Bill,Utilities,3187,Debit
2023-04-01,Spotify,Music,199,Debit
2024-11-25,Flipkart,Shopping,727,Debit
2023-12-16,Swiggy,Food,2244,Debit
2024-04-25,Mobile Recharge,Utilities,767,Debit
2023-10-31,Swiggy,Food,1608,Debit
2023-09-27,Blinkit,Groceries,1421,Debit
2023-05-31,Mobile Recharge,Utilities,610,Debit
2023-12-04,Amazon,Shopping,756,Debit
2023-03-29,Ola,Transport,1313,Debit
2024-03-17,Uber,Transport,1031,Debit
2024-01-26,Salary,Income,32000,Credit
2024-03-26,Credit Card EMI,Loan,4200,Debit
2024-04-12,Starbucks,Food,1952,Debit
2024-05-28,Blinkit,Groceries,1770,Debit
2024-02-27,Flipkart,Shopping,1299,Debit
2023-12-07,Blinkit,Groceries,1000,Debit
2023-09-10,Ola,Transport,2180,Debit
2023-05-14,Flipkart,Shopping,1300,Debit
2024-07-24,Credit Card EMI,Loan,4200,Debit
2023-10-28,Apple Music,Music,149,Debit
2024-01-03,Starbucks,Food,977,Debit
2023-05-03,Zomato,Food,1291,Debit
2024-05-16,Zomato,Food,1418,Debit
2023-11-12,Flipkart,Shopping,1075,Debit
2023-09-18,Amazon,Shopping,464,Debit
2024-01-20,Uber,Transport,2143,Debit
2023-03-14,Starbucks,Food,2444,Debit
2023-05-01,Electricity Bill,Utilities,2594,Debit
2024-05-01,Ola,Transport,2313,Debit
2023-06-09,Blinkit,Groceries,1213,Debit
2023-01-21,Amazon,Shopping,1795,Debit
2023-11-27,Hotstar,Entertainment,399,Debit
2024-10-21,Ola,Transport,795,Debit
2024-10-23,Swiggy,Food,711,Debit
2023-05-01,Apple Music,Music,149,Debit
2024-10-24,Starbucks,Food,1698,Debit
2024-07-30,Amazon,Shopping,1354,Debit
2023-02-11,Swiggy,Food,411,Debit
2024-04-11,Zomato,Food,732,Debit
2024-02-22,Zomato,Food,2055,Debit
2023-06-30,Apple Music,Music,149,Debit
2024-08-23,Credit Card EMI,Loan,4200,Debit
2023-07-29,Starbucks,Food,1143,Debit
2023-07-08,Swiggy,Food,1366,Debit
2023-05-30,Amazon,Shopping,2263,Debit
2023-05-31,Salary,Income,28000,Credit
2023-01-18,Blinkit,Groceries,595,Debit
2024-04-22,Flipkart,Shopping,2433,Debit
2023-07-30,Gym Membership,Fitness,1800,Debit
2023-04-01,Blinkit,Groceries,1689,Debit
2023-05-01,Spotify,Music,199,Debit
2023-08-13,Uber,Transport,1451,Debit
2023-03-25,Flipkart,Shopping,1911,Debit
2024-03-18,Uber,Transport,1422,Debit
2024-04-25,Amazon Prime,Shopping,299,Debit
2024-12-18,Amazon,Shopping,1745,Debit
2024-01-10,Blinkit,Groceries,634,Debit
2024-07-01,Starbucks,Food,1024,Debit
2023-12-23,Uber,Transport,2172,Debit
2023-11-11,Swiggy,Food,1110,Debit
2024-05-31,Uber,Transport,913,Debit
2024-05-17,Flipkart,Shopping,2211,Debit
2024-03-30,Blinkit,Groceries,1711,Debit
2023-03-20,Amazon,Shopping,531,Debit
2024-01-17,Starbucks,Food,1545,Debit
2024-03-14,Starbucks,Food,1636,Debit
2023-11-08,Starbucks,Food,1336,Debit
2023-02-06,Amazon,Shopping,987,Debit
2024-04-30,Flipkart,Shopping,2369,Debit
2024-10-20,Flipkart,Shopping,2395,Debit
2024-05-25,Starbucks,Food,2220,Debit
2023-07-29,Blinkit,Groceries,891,Debit
2024-10-22,YouTube Premium,Entertainment,189,Debit
2023-11-27,YouTube Premium,Entertainment,189,Debit
2023-10-31,Ola,Transport,1658,Debit
2023-06-30,Amazon,Shopping,2479,Debit
2023-07-30,Credit Card EMI,Loan,4200,Debit
2023-01-01,Starbucks,Food,809,Debit
2024-09-09,Flipkart,Shopping,1998,Debit
2024-08-03,Ola,Transport,1416,Debit
2023-12-04,Flipkart,Shopping,2346,Debit
2024-05-10,Starbucks,Food,1758,Debit
2024-02-10,Flipkart,Shopping,1840,Debit
2024-06-28,Swiggy,Food,1604,Debit
2024-03-26,Ola,Transport,424,Debit
2023-02-02,Uber,Transport,684,Debit
2023-09-05,Blinkit,Groceries,615,Debit
2023-04-29,Starbucks,Food,492,Debit
2024-01-26,Spotify,Music,199,Debit
2024-11-21,Buy Now Pay Later EMI,Loan,3100,Debit
2024-09-20,Starbucks,Food,2307,Debit
2023-10-04,Zomato,Food,502,Debit
2023-11-27,Mobile Recharge,Utilities,643,Debit
2024-02-18,Amazon,Shopping,1081,Debit
2024-03-03,Uber,Transport,1087,Debit
2024-01-08,Amazon,Shopping,1004,Debit
2023-05-23,Blinkit,Groceries,1980,Debit
2024-12-03,Swiggy,Food,1913,Debit
2024-11-21,Personal Loan EMI,Loan,8500,Debit
2024-08-07,Amazon,Shopping,559,Debit
2024-02-01,Amazon,Shopping,1471,Debit
2024-01-03,Ola,Transport,2479,Debit
2023-02-28,Uber,Transport,301,Debit
2023-01-26,Zomato,Food,900,Debit
2023-01-31,Spotify,Music,199,Debit
2023-06-26,Zomato,Food,2186,Debit
2023-09-28,Internet Bill,Utilities,1459,Debit
2024-04-04,Blinkit,Groceries,812,Debit
2023-05-04,Flipkart,Shopping,2258,Debit
2024-04-06,Zomato,Food,1586,Debit
2024-05-25,Gym Membership,Fitness,1800,Debit
2023-08-29,Credit Card EMI,Loan,4200,Debit
2024-11-07,Uber,Transport,883,Debit
2023-11-12,Flipkart,Shopping,810,Debit
2023-12-07,Swiggy,Food,2405,Debit
2023-12-27,Google Drive,Cloud,260,Debit
2023-07-26,Ola,Transport,2068,Debit
2023-11-13,Uber,Transport,2279,Debit
2023-02-03,Swiggy,Food,2360,Debit
2024-10-13,Ola,Transport,1533,Debit
2023-09-12,Ola,Transport,826,Debit
2023-08-26,Swiggy,Food,2307,Debit
2024-08-08,Zomato,Food,1148,Debit
2024-03-06,Ola,Transport,780,Debit
2023-07-25,Blinkit,Groceries,1185,Debit
2024-07-07,Amazon,Shopping,1260,Debit
2023-11-09,Uber,Transport,2134,Debit
2023-02-19,Zomato,Food,1473,Debit
2024-05-26,Flipkart,Shopping,1229,Debit
2024-07-22,Swiggy,Food,462,Debit
2023-02-10,Flipkart,Shopping,1894,Debit
2023-11-24,Ola,Transport,1224,Debit
2024-06-21,Ola,Transport,2433,Debit
2023-09-05,Uber,Transport,658,Debit
2024-11-10,Starbucks,Food,695,Debit
2023-10-04,Ola,Transport,1493,Debit
2023-05-01,Salary,Income,28000,Credit
2023-08-19,Blinkit,Groceries,1271,Debit
2023-05-09,Blinkit,Groceries,1439,Debit
2024-10-29,Ola,Transport,1543,Debit
2024-01-22,Swiggy,Food,1782,Debit
2024-03-05,Amazon,Shopping,944,Debit
2024-06-03,Uber,Transport,1734,Debit
2023-01-09,Ola,Transport,1003,Debit
2023-07-19,Swiggy,Food,827,Debit
2024-11-29,Swiggy,Food,735,Debit
2024-11-01,Ola,Transport,585,Debit
2024-08-22,Blinkit,Groceries,2056,Debit
2024-04-25,Credit Card EMI,Loan,4200,Debit
2024-05-18,Amazon,Shopping,1832,Debit
2024-09-22,Electricity Bill,Utilities,2624,Debit
2023-10-05,Zomato,Food,954,Debit
2023-12-27,Amazon,Shopping,510,Debit
2023-11-27,Gym Membership,Fitness,1800,Debit
2024-03-12,Flipkart,Shopping,566,Debit
2024-01-07,Swiggy,Food,690,Debit
2023-02-23,Zomato,Food,1568,Debit
2024-07-18,Starbucks,Food,1249,Debit
2023-01-31,Credit Card EMI,Loan,4200,Debit
2024-10-03,Swiggy,Food,2252,Debit
2023-02-01,Starbucks,Food,523,Debit
2023-01-31,Netflix,Entertainment,549,Debit
2023-02-02,Starbucks,Food,317,Debit
2023-02-09,Swiggy,Food,1591,Debit
2024-08-10,Ola,Transport,417,Debit
2023-05-26,Swiggy,Food,1591,Debit
2023-04-24,Ola,Transport,1452,Debit
2023-11-25,Swiggy,Food,1922,Debit
2024-11-21,Salary,Income,32000,Credit
2024-06-12,Uber,Transport,333,Debit
2023-11-23,Starbucks,Food,423,Debit
2023-05-18,Zomato,Food,641,Debit
2023-07-05,Swiggy,Food,575,Debit
2023-07-03,Flipkart,Shopping,2146,Debit
2024-02-11,Blinkit,Groceries,1396,Debit
2023-02-07,Ola,Transport,2024,Debit
2023-06-15,Starbucks,Food,1004,Debit
2023-01-05,Starbucks,Food,2118,Debit
2024-05-13,Uber,Transport,1088,Debit
2024-06-03,Zomato,Food,1626,Debit
2023-06-17,Ola,Transport,738,Debit
2023-04-01,Credit Card EMI,Loan,4200,Debit
2023-08-10,Zomato,Food,1740,Debit
2024-01-06,Flipkart,Shopping,1556,Debit
2023-01-01,Uber,Transport,1749,Debit
2023-05-18,Starbucks,Food,1521,Debit
2024-05-21,Starbucks,Food,1713,Debit
2024-07-29,Flipkart,Shopping,2176,Debit
2024-01-04,Blinkit,Groceries,2282,Debit
2024-10-19,Swiggy,Food,1259,Debit
2023-01-28,Amazon,Shopping,950,Debit
2024-02-29,Uber,Transport,1127,Debit
2023-10-28,Starbucks,Food,2298,Debit
2023-12-18,Ola,Transport,2223,Debit
2023-04-07,Ola,Transport,1199,Debit
2024-08-30,Zomato,Food,1279,Debit
2024-03-07,Flipkart,Shopping,1635,Debit
2023-03-21,Flipkart,Shopping,2340,Debit
2023-07-26,Starbucks,Food,1274,Debit
2024-06-21,Starbucks,Food,1564,Debit
2024-04-18,Swiggy,Food,402,Debit
2023-04-01,Netflix,Entertainment,549,Debit
2023-10-13,Swiggy,Food,2498,Debit
2024-05-05,Starbucks,Food,1137,Debit
2024-06-13,Swiggy,Food,430,Debit
2023-09-07,Zomato,Food,1197,Debit
2024-05-27,Uber,Transport,2392,Debit
2024-01-13,Zomato,Food,612,Debit
2024-01-26,Internet Bill,Utilities,1499,Debit
2024-04-20,Uber,Transport,1912,Debit
2024-12-14,Uber,Transport,1553,Debit
2024-10-25,Ola,Transport,2328,Debit
2023-06-03,Flipkart,Shopping,1228,Debit
2024-11-06,Zomato,Food,1277,Debit
2024-04-25,Uber,Transport,1574,Debit
2023-05-22,Swiggy,Food,1175,Debit
2023-06-17,Amazon,Shopping,1819,Debit
2023-09-06,Amazon,Shopping,2457,Debit
2023-04-19,Uber,Transport,434,Debit
2023-09-04,Blinkit,Groceries,1812,Debit
2024-03-03,Blinkit,Groceries,1846,Debit
2024-09-12,Zomato,Food,1858,Debit
2024-08-07,Zomato,Food,1439,Debit
2023-05-20,Flipkart,Shopping,2068,Debit
2023-12-15,Ola,Transport,1580,Debit
2023-09-28,Starbucks,Food,1001,Debit
2024-10-13,Starbucks,Food,1191,Debit
2024-11-21,Credit Card EMI,Loan,4200,Debit
2024-02-25,Buy Now Pay Later EMI,Loan,3100,Debit
2024-05-06,Uber,Transport,960,Debit
2023-12-11,Flipkart,Shopping,1168,Debit
2024-01-05,Uber,Transport,1663,Debit
2023-11-27,Uber,Transport,540,Debit
2023-08-27,Blinkit,Groceries,1244,Debit
2023-07-20,Starbucks,Food,1005,Debit
2023-03-12,Amazon,Shopping,1431,Debit
2024-02-07,Blinkit,Groceries,1609,Debit
2024-08-23,Ola,Transport,672,Debit
2023-12-08,Swiggy,Food,1373,Debit
2024-06-04,Swiggy,Food,1993,Debit
2023-03-28,Starbucks,Food,1652,Debit
2023-06-30,Internet Bill,Utilities,1040,Debit
2023-09-08,Blinkit,Groceries,1002,Debit
2024-12-21,Amazon Prime,Shopping,299,Debit
2024-04-28,Uber,Transport,1799,Debit
2023-01-07,Amazon,Shopping,585,Debit
2023-08-29,YouTube Premium,Entertainment,189,Debit
2023-10-25,Swiggy,Food,1891,Debit
2024-03-22,Zomato,Food,825,Debit
2024-02-13,Ola,Transport,1453,Debit
2023-07-07,Uber,Transport,2100,Debit
2023-11-08,Uber,Transport,856,Debit
2023-05-01,Zomato,Food,438,Debit
2024-08-28,Swiggy,Food,479,Debit
2023-01-04,Swiggy,Food,495,Debit
2023-05-12,Starbucks,Food,2401,Debit
2024-05-26,Ola,Transport,925,Debit
2023-05-01,Gym Membership,Fitness,1800,Debit
2023-02-02,Swiggy,Food,1127,Debit
2023-09-06,Amazon,Shopping,2420,Debit
2024-04-13,Uber,Transport,1377,Debit
2023-02-26,Amazon,Shopping,1055,Debit
2023-07-29,Ola,Transport,2474,Debit
2024-04-28,Swiggy,Food,1551,Debit
2024-07-15,Uber,Transport,1471,Debit
2023-12-30,Ola,Transport,1609,Debit
2024-08-23,Personal Loan EMI,Loan,8500,Debit
2024-04-07,Ola,Transport,1688,Debit
2023-07-26,Flipkart,Shopping,2354,Debit
2024-01-16,Uber,Transport,629,Debit
2023-03-17,Swiggy,Food,564,Debit
2023-11-25,Blinkit,Groceries,422,Debit
2024-09-10,Swiggy,Food,1703,Debit
2024-01-23,Blinkit,Groceries,709,Debit
2024-08-06,Blinkit,Groceries,1434,Debit
2023-06-26,Flipkart,Shopping,1911,Debit
2024-01-30,Uber,Transport,1910,Debit
2024-03-08,Uber,Transport,2032,Debit
2024-06-04,Ola,Transport,1202,Debit
2024-05-24,Amazon,Shopping,1497,Debit
2024-01-09,Blinkit,Groceries,992,Debit
2023-02-12,Swiggy,Food,1769,Debit
2023-08-25,Amazon,Shopping,1174,Debit
2023-01-26,Swiggy,Food,1246,Debit
2024-12-19,Starbucks,Food,1583,Debit
2023-02-08,Ola,Transport,697,Debit
2024-03-18,Amazon,Shopping,1076,Debit
2024-06-20,Uber,Transport,2293,Debit
2023-11-06,Zomato,Food,742,Debit
2024-02-18,Uber,Transport,491,Debit
2023-11-25,Swiggy,Food,2129,Debit
2024-09-22,Apple Music,Music,149,Debit
2024-01-26,Google Drive,Cloud,260,Debit
2023-07-31,Ola,Transport,2004,Debit
2024-10-12,Swiggy,Food,449,Debit
2023-04-01,YouTube Premium,Entertainment,189,Debit
2024-02-25,Mobile Recharge,Utilities,601,Debit
2024-06-19,Ola,Transport,758,Debit
2024-01-30,Flipkart,Shopping,1946,Debit
2023-05-04,Blinkit,Groceries,832,Debit
2024-06-10,Swiggy,Food,1852,Debit
2024-11-02,Swiggy,Food,1679,Debit
2023-08-31,Amazon,Shopping,1724,Debit
2024-08-22,Flipkart,Shopping,2300,Debit
2023-05-14,Zomato,Food,2163,Debit
2024-02-13,Starbucks,Food,1443,Debit
2024-07-02,Starbucks,Food,1426,Debit
2024-11-30,Flipkart,Shopping,938,Debit
2023-10-09,Ola,Transport,644,Debit
2024-01-29,Flipkart,Shopping,1020,Debit
2024-12-26,Blinkit,Groceries,1019,Debit
2024-12-15,Starbucks,Food,2057,Debit
2023-02-04,Uber,Transport,2258,Debit
2023-02-09,Amazon,Shopping,1058,Debit
2024-05-06,Flipkart,Shopping,2182,Debit
2024-06-06,Amazon,Shopping,1357,Debit
2023-10-28,Credit Card EMI,Loan,4200,Debit
2023-08-18,Starbucks,Food,403,Debit
2023-02-27,Ola,Transport,1648,Debit
2024-10-10,Blinkit,Groceries,629,Debit
2024-11-18,Ola,Transport,2010,Debit
2024-12-08,Swiggy,Food,1145,Debit
2024-04-25,Gym Membership,Fitness,1800,Debit
2024-12-21,Google Drive,Cloud,260,Debit
2024-05-26,Flipkart,Shopping,902,Debit
2023-12-13,Amazon,Shopping,1336,Debit
2024-09-26,Flipkart,Shopping,1311,Debit
2023-07-07,Starbucks,Food,805,Debit
2023-10-13,Zomato,Food,2375,Debit
2023-04-11,Blinkit,Groceries,2324,Debit
2023-06-01,Ola,Transport,1225,Debit
2023-04-30,Ola,Transport,482,Debit
2023-03-15,Zomato,Food,2347,Debit
2024-12-06,Starbucks,Food,1102,Debit
2023-10-03,Ola,Transport,576,Debit
2024-09-23,Blinkit,Groceries,606,Debit
2023-02-20,Zomato,Food,381,Debit
2024-09-25,Zomato,Food,540,Debit
2023-10-02,Swiggy,Food,466,Debit
2023-07-17,Uber,Transport,1834,Debit
2024-02-22,Blinkit,Groceries,1322,Debit
2024-08-24,Swiggy,Food,1309,Debit
2023-05-07,Amazon,Shopping,1779,Debit
2024-06-04,Zomato,Food,528,Debit
2023-10-09,Starbucks,Food,2243,Debit
2023-12-11,Amazon,Shopping,1850,Debit
2023-10-22,Amazon,Shopping,469,Debit
2023-10-02,Zomato,Food,2245,Debit
2024-11-28,Uber,Transport,1436,Debit
2023-04-22,Flipkart,Shopping,2305,Debit
2023-03-05,Ola,Transport,2442,Debit
2023-02-23,Uber,Transport,2001,Debit
2024-06-26,Swiggy,Food,754,Debit
2024-03-17,Ola,Transport,681,Debit
2023-02-16,Amazon,Shopping,1556,Debit
2024-03-22,Zomato,Food,1423,Debit
2023-09-09,Starbucks,Food,730,Debit
2024-03-12,Uber,Transport,2371,Debit
2023-11-17,Flipkart,Shopping,1990,Debit
2023-09-26,Flipkart,Shopping,1575,Debit
2023-09-22,Starbucks,Food,1517,Debit
2023-04-01,Buy Now Pay Later EMI,Loan,3100,Debit
2023-08-29,Hotstar,Entertainment,399,Debit
2023-06-04,Swiggy,Food,843,Debit
2023-04-18,Flipkart,Shopping,1080,Debit
2023-07-22,Ola,Transport,1734,Debit
2023-01-01,Credit Card EMI,Loan,4200,Debit
2024-07-14,Flipkart,Shopping,1281,Debit
2024-02-05,Flipkart,Shopping,805,Debit
2024-03-13,Uber,Transport,1801,Debit
2024-04-21,Blinkit,Groceries,1373,Debit
2023-01-18,Amazon,Shopping,349,Debit
2023-06-28,Amazon,Shopping,1059,Debit
2024-05-25,Salary,Income,32000,Credit
2024-09-06,Swiggy,Food,1595,Debit
2024-02-17,Starbucks,Food,1812,Debit
2024-07-07,Uber,Transport,836,Debit
2024-03-09,Flipkart,Shopping,1733,Debit
2023-12-10,Flipkart,Shopping,1410,Debit
2023-10-10,Ola,Transport,1794,Debit
2024-12-14,Blinkit,Groceries,1347,Debit
2023-03-04,Amazon,Shopping,2264,Debit
2024-07-17,Swiggy,Food,1905,Debit
2024-08-03,Blinkit,Groceries,1782,Debit
2023-04-24,Flipkart,Shopping,2213,Debit
2024-11-21,Amazon,Shopping,1707,Debit
2023-01-01,Google Drive,Cloud,260,Debit
2023-08-06,Starbucks,Food,403,Debit
2024-09-07,Starbucks,Food,788,Debit
2023-07-07,Blinkit,Groceries,1172,Debit
2023-06-19,Ola,Transport,1730,Debit
2023-10-23,Starbucks,Food,2486,Debit
2023-08-29,Buy Now Pay Later EMI,Loan,3100,Debit
2023-01-29,Swiggy,Food,1469,Debit
2023-04-30,Amazon,Shopping,1558,Debit
2023-08-17,Swiggy,Food,1300,Debit
2023-06-28,Swiggy,Food,1803,Debit
2024-08-23,Buy Now Pay Later EMI,Loan,3100,Debit
2024-08-21,Blinkit,Groceries,1232,Debit
2023-06-25,Swiggy,Food,1594,Debit
2023-09-09,Swiggy,Food,1397,Debit
2023-12-26,Flipkart,Shopping,913,Debit
2023-07-20,Flipkart,Shopping,409,Debit
2024-12-25,Zomato,Food,591,Debit
2024-05-20,Amazon,Shopping,1539,Debit
2024-05-09,Flipkart,Shopping,1938,Debit
2023-01-30,Flipkart,Shopping,441,Debit
2023-12-20,Swiggy,Food,2266,Debit
2024-09-22,Amazon Prime,Shopping,299,Debit
2024-12-21,Spotify,Music,199,Debit
2023-07-11,Zomato,Food,2412,Debit
2023-11-09,Amazon,Shopping,376,Debit
2023-10-28,Buy Now Pay Later EMI,Loan,3100,Debit
2023-03-22,Amazon,Shopping,2260,Debit
2023-03-25,Flipkart,Shopping,979,Debit
2024-12-25,Blinkit,Groceries,348,Debit
2024-12-15,Zomato,Food,2422,Debit
2024-09-08,Ola,Transport,970,Debit
2024-11-16,Starbucks,Food,460,Debit
2023-10-18,Ola,Transport,626,Debit
2024-01-16,Flipkart,Shopping,1829,Debit
2023-07-30,Google Drive,Cloud,260,Debit
2024-09-22,Buy Now Pay Later EMI,Loan,3100,Debit
2023-12-12,Ola,Transport,670,Debit
2023-07-18,Zomato,Food,855,Debit
2023-10-28,Google Drive,Cloud,260,Debit
2023-11-12,Zomato,Food,1554,Debit
2024-10-22,Personal Loan EMI,Loan,8500,Debit
2024-01-26,Netflix,Entertainment,549,Debit
2024-06-15,Zomato,Food,1685,Debit
2024-09-28,Blinkit,Groceries,2019,Debit
2023-11-18,Uber,Transport,1551,Debit
2023-07-30,Salary,Income,28000,Credit
2024-03-21,Uber,Transport,1481,Debit
2023-06-24,Starbucks,Food,695,Debit
2024-03-08,Swiggy,Food,751,Debit
2024-05-31,Zomato,Food,1795,Debit
2024-11-18,Ola,Transport,2152,Debit
2023-09-07,Starbucks,Food,1119,Debit
2023-09-10,Starbucks,Food,1358,Debit
2024-03-23,Flipkart,Shopping,827,Debit
2024-01-16,Ola,Transport,1066,Debit
2024-05-21,Starbucks,Food,1441,Debit
2023-07-15,Uber,Transport,1537,Debit
2024-07-09,Uber,Transport,1468,Debit
2024-06-02,Zomato,Food,446,Debit
2024-05-04,Flipkart,Shopping,1646,Debit
2023-11-22,Amazon,Shopping,1153,Debit
2023-08-02,Zomato,Food,930,Debit
2023-05-24,Swiggy,Food,1068,Debit
2024-09-25,Zomato,Food,2398,Debit
2024-03-26,Amazon Prime,Shopping,299,Debit
2024-05-27,Amazon,Shopping,455,Debit
2024-03-24,Swiggy,Food,1737,Debit
2024-01-26,Uber,Transport,908,Debit
2023-04-01,Swiggy,Food,1047,Debit
2023-08-28,Flipkart,Shopping,863,Debit
2024-02-06,Uber,Transport,1120,Debit
2023-04-12,Zomato,Food,1659,Debit
2023-04-24,Ola,Transport,711,Debit
2024-11-07,Uber,Transport,1599,Debit
2023-07-17,Amazon,Shopping,1471,Debit
2023-12-06,Zomato,Food,911,Debit
2024-06-16,Ola,Transport,559,Debit
2023-01-08,Blinkit,Groceries,1096,Debit
2023-11-01,Amazon,Shopping,742,Debit
2024-06-23,Amazon,Shopping,2435,Debit
2023-11-24,Starbucks,Food,1863,Debit
2023-04-12,Amazon,Shopping,2495,Debit
2023-08-27,Blinkit,Groceries,2389,Debit
2024-05-13,Blinkit,Groceries,1424,Debit
2024-04-14,Uber,Transport,832,Debit
2023-05-09,Blinkit,Groceries,812,Debit
2024-11-21,Google Drive,Cloud,260,Debit
2023-11-29,Zomato,Food,773,Debit
2024-11-02,Uber,Transport,877,Debit
2023-03-09,Zomato,Food,2244,Debit
2023-03-27,Swiggy,Food,2361,Debit
2024-02-26,Flipkart,Shopping,978,Debit
2024-08-08,Flipkart,Shopping,1441,Debit
2024-01-25,Ola,Transport,1428,Debit
2023-12-27,Amazon Prime,Shopping,299,Debit
2023-12-27,YouTube Premium,Entertainment,189,Debit
2023-10-28,Blinkit,Groceries,1440,Debit
2023-09-11,Ola,Transport,2229,Debit
2024-10-26,Flipkart,Shopping,1853,Debit
2024-03-19,Amazon,Shopping,1576,Debit
2024-05-25,Netflix,Entertainment,549,Debit
2024-12-01,Uber,Transport,627,Debit
2023-09-12,Amazon,Shopping,1540,Debit
2024-11-21,Swiggy,Food,2456,Debit
2024-06-14,Blinkit,Groceries,1679,Debit
2024-04-26,Ola,Transport,1870,Debit
2023-11-11,Swiggy,Food,2487,Debit
2023-11-27,Google Drive,Cloud,260,Debit
2024-06-29,Ola,Transport,1818,Debit
2024-05-07,Flipkart,Shopping,1480,Debit
2024-02-21,Amazon,Shopping,1201,Debit
2024-03-29,Starbucks,Food,1888,Debit
2023-11-21,Starbucks,Food,1725,Debit
2024-09-14,Ola,Transport,2162,Debit
2024-12-22,Blinkit,Groceries,1306,Debit
2024-12-21,Mobile Recharge,Utilities,730,Debit
2023-12-13,Flipkart,Shopping,723,Debit
2023-05-17,Uber,Transport,2482,Debit
2024-11-06,Ola,Transport,1603,Debit
2023-07-06,Swiggy,Food,2042,Debit
2023-12-27,Zomato,Food,939,Debit
2023-10-06,Uber,Transport,381,Debit
2023-09-02,Zomato,Food,602,Debit
2024-07-24,YouTube Premium,Entertainment,189,Debit
2023-12-09,Ola,Transport,1709,Debit
2024-10-26,Amazon,Shopping,565,Debit
2023-05-22,Starbucks,Food,2476,Debit
2024-07-13,Uber,Transport,2408,Debit
2024-05-22,Zomato,Food,1255,Debit
2023-06-30,Electricity Bill,Utilities,2235,Debit
2023-06-10,Amazon,Shopping,2060,Debit
2024-09-24,Amazon,Shopping,940,Debit
2023-05-14,Blinkit,Groceries,312,Debit
2024-07-21,Ola,Transport,884,Debit
2023-01-31,Amazon Prime,Shopping,299,Debit
2023-09-17,Zomato,Food,558,Debit
2024-04-05,Amazon,Shopping,1937,Debit
2024-12-20,Ola,Transport,342,Debit
2024-01-02,Uber,Transport,2195,Debit
2023-01-01,Internet Bill,Utilities,1002,Debit
2024-04-14,Zomato,Food,1788,Debit
2024-04-21,Blinkit,Groceries,1675,Debit
2023-09-16,Swiggy,Food,391,Debit
2024-02-12,Ola,Transport,2194,Debit
2024-04-20,Swiggy,Food,1332,Debit
2024-10-07,Starbucks,Food,2260,Debit
2023-11-01,Starbucks,Food,1408,Debit
2024-07-07,Amazon,Shopping,311,Debit
2024-09-15,Ola,Transport,1631,Debit
2023-07-18,Starbucks,Food,1420,Debit
2024-11-30,Starbucks,Food,1151,Debit
2024-06-24,Buy Now Pay Later EMI,Loan,3100,Debit
2023-10-16,Swiggy,Food,555,Debit
2024-08-23,Google Drive,Cloud,260,Debit
2023-09-28,Apple Music,Music,149,Debit
2024-02-07,Swiggy,Food,1752,Debit
2023-12-12,Starbucks,Food,516,Debit
2023-05-25,Swiggy,Food,1110,Debit
2023-03-14,Uber,Transport,1385,Debit
2023-12-17,Starbucks,Food,1326,Debit
2023-02-20,Swiggy,Food,642,Debit
2023-09-25,Zomato,Food,2395,Debit
2023-10-25,Zomato,Food,1876,Debit
2024-01-14,Starbucks,Food,1791,Debit
2023-11-26,Flipkart,Shopping,1311,Debit
2023-10-28,Blinkit,Groceries,2256,Debit
2023-07-30,YouTube Premium,Entertainment,189,Debit
2024-05-28,Swiggy,Food,1630,Debit
2023-05-31,Flipkart,Shopping,780,Debit
2024-10-23,Flipkart,Shopping,807,Debit
2024-11-29,Swiggy,Food,412,Debit
2024-10-12,Uber,Transport,1214,Debit
2024-01-05,Uber,Transport,867,Debit
2024-12-07,Flipkart,Shopping,819,Debit
2024-08-12,Zomato,Food,759,Debit
2023-11-27,Personal Loan EMI,Loan,8500,Debit
2023-05-28,Starbucks,Food,944,Debit
2024-01-10,Ola,Transport,597,Debit
2024-04-27,Ola,Transport,1253,Debit
2023-04-09,Swiggy,Food,2150,Debit
2024-10-09,Starbucks,Food,1272,Debit
2024-08-27,Zomato,Food,1204,Debit
2024-11-03,Ola,Transport,1469,Debit
2024-10-09,Swiggy,Food,1462,Debit
2024-07-03,Flipkart,Shopping,549,Debit
2023-02-08,Amazon,Shopping,1627,Debit
2024-09-15,Amazon,Shopping,2421,Debit
2024-05-19,Swiggy,Food,691,Debit
2023-05-06,Starbucks,Food,1492,Debit
2023-03-04,Swiggy,Food,2114,Debit
2023-07-07,Zomato,Food,2057,Debit
2023-05-01,Google Drive,Cloud,260,Debit
2024-07-03,Flipkart,Shopping,1289,Debit
2023-10-06,Amazon,Shopping,1450,Debit
2023-09-27,Amazon,Shopping,506,Debit
2023-09-22,Uber,Transport,594,Debit
2024-07-30,Blinkit,Groceries,1683,Debit
2023-02-21,Flipkart,Shopping,1193,Debit
2023-09-28,Google Drive,Cloud,260,Debit
2024-03-15,Swiggy,Food,1465,Debit
2023-12-27,Internet Bill,Utilities,1235,Debit
2024-09-20,Flipkart,Shopping,2323,Debit
2024-04-25,YouTube Premium,Entertainment,189,Debit
2023-05-27,Amazon,Shopping,2183,Debit
2024-05-14,Swiggy,Food,1736,Debit
2023-05-28,Flipkart,Shopping,2351,Debit
2023-09-17,Amazon,Shopping,1418,Debit
2024-03-26,Salary,Income,32000,Credit
2024-02-23,Swiggy,Food,973,Debit
2023-10-07,Blinkit,Groceries,1266,Debit
2023-08-21,Ola,Transport,1714,Debit
2024-07-26,Zomato,Food,738,Debit
2023-01-05,Starbucks,Food,1819,Debit
2023-03-02,Electricity Bill,Utilities,2565,Debit
2023-02-25,Amazon,Shopping,806,Debit
2024-09-27,Amazon,Shopping,2078,Debit
2023-02-28,Starbucks,Food,662,Debit
2024-08-28,Ola,Transport,2280,Debit
2024-01-04,Amazon,Shopping,1470,Debit
2024-12-26,Zomato,Food,390,Debit
2023-04-01,Amazon Prime,Shopping,299,Debit
2024-01-01,Amazon,Shopping,1467,Debit
2024-06-14,Zomato,Food,1379,Debit
2024-07-23,Swiggy,Food,423,Debit
2024-08-14,Ola,Transport,767,Debit
2024-06-01,Starbucks,Food,929,Debit
2024-10-22,Salary,Income,32000,Credit
2023-11-18,Zomato,Food,682,Debit
2023-10-03,Starbucks,Food,1023,Debit
2023-01-25,Flipkart,Shopping,516,Debit
2023-10-07,Blinkit,Groceries,1120,Debit
2024-11-05,Zomato,Food,1315,Debit
2023-10-28,Internet Bill,Utilities,1100,Debit
2024-07-14,Amazon,Shopping,1902,Debit
2023-12-13,Ola,Transport,692,Debit
2024-05-27,Amazon,Shopping,1552,Debit
2024-12-03,Ola,Transport,545,Debit
2023-06-06,Ola,Transport,575,Debit
2024-02-06,Ola,Transport,431,Debit
2023-12-19,Starbucks,Food,865,Debit
2024-12-01,Flipkart,Shopping,1573,Debit
2024-04-24,Amazon,Shopping,1419,Debit
2024-03-10,Uber,Transport,1955,Debit
2023-04-28,Amazon,Shopping,1821,Debit
2024-07-11,Swiggy,Food,968,Debit
2024-07-03,Ola,Transport,1295,Debit
2024-01-15,Amazon,Shopping,1300,Debit
2024-09-19,Amazon,Shopping,744,Debit
2023-03-02,Google Drive,Cloud,260,Debit
2024-05-25,Buy Now Pay Later EMI,Loan,3100,Debit
2023-01-11,Blinkit,Groceries,1140,Debit
2023-03-14,Amazon,Shopping,2078,Debit
2024-02-09,Zomato,Food,2430,Debit
2023-07-05,Amazon,Shopping,468,Debit
2023-05-10,Blinkit,Groceries,1448,Debit
2023-03-28,Starbucks,Food,2478,Debit
2023-04-28,Flipkart,Shopping,1013,Debit
2023-11-10,Amazon,Shopping,1515,Debit
2024-02-20,Starbucks,Food,1904,Debit
2024-01-31,Ola,Transport,1445,Debit
2024-09-11,Zomato,Food,1893,Debit
2023-02-01,Uber,Transport,2446,Debit
2023-02-17,Amazon,Shopping,617,Debit
2024-02-12,Starbucks,Food,1560,Debit
2023-06-20,Amazon,Shopping,1948,Debit
2024-11-19,Flipkart,Shopping,1600,Debit
2024-01-24,Starbucks,Food,1630,Debit
2023-03-15,Amazon,Shopping,1289,Debit
2024-01-30,Swiggy,Food,2059,Debit
2024-02-03,Blinkit,Groceries,2328,Debit
2024-02-21,Swiggy,Food,1457,Debit
2023-11-07,Uber,Transport,1505,Debit
2023-01-31,Gym Membership,Fitness,1800,Debit
2023-02-09,Ola,Transport,504,Debit
2023-10-23,Flipkart,Shopping,1880,Debit
2024-11-29,Uber,Transport,537,Debit
2024-09-22,Spotify,Music,199,Debit
2023-05-16,Starbucks,Food,2193,Debit
2024-03-10,Flipkart,Shopping,1787,Debit
2023-02-20,Ola,Transport,2034,Debit
2024-10-22,Google Drive,Cloud,260,Debit
2024-07-27,Uber,Transport,525,Debit
2023-08-03,Swiggy,Food,1399,Debit
2023-12-15,Flipkart,Shopping,2299,Debit
2024-08-09,Flipkart,Shopping,597,Debit
2023-07-24,Uber,Transport,440,Debit
2023-12-15,Starbucks,Food,1457,Debit
2023-01-04,Flipkart,Shopping,1186,Debit
2023-11-07,Starbucks,Food,918,Debit
2024-11-03,Amazon,Shopping,1154,Debit
2024-03-13,Blinkit,Groceries,1480,Debit
2023-01-01,Apple Music,Music,149,Debit
2024-02-04,Amazon,Shopping,1991,Debit
2024-04-22,Ola,Transport,1164,Debit
2024-08-02,Ola,Transport,2024,Debit
2024-07-23,Uber,Transport,2250,Debit
2023-01-01,Spotify,Music,199,Debit
2024-07-24,Buy Now Pay Later EMI,Loan,3100,Debit
2023-10-18,Flipkart,Shopping,1617,Debit
2024-07-16,Uber,Transport,1877,Debit
2023-01-23,Zomato,Food,814,Debit
2024-08-30,Starbucks,Food,370,Debit
2023-11-01,Starbucks,Food,938,Debit
2024-11-09,Starbucks,Food,372,Debit
2024-03-17,Flipkart,Shopping,983,Debit
2023-12-08,Uber,Transport,2321,Debit
2024-11-11,Ola,Transport,789,Debit
2024-11-21,Amazon Prime,Shopping,299,Debit
2024-05-25,Google Drive,Cloud,260,Debit
2024-03-23,Uber,Transport,1747,Debit
2023-12-24,Flipkart,Shopping,1254,Debit
2023-08-02,Flipkart,Shopping,1709,Debit
2023-06-30,Buy Now Pay Later EMI,Loan,3100,Debit
2024-05-02,Ola,Transport,1929,Debit
2023-08-29,Gym Membership,Fitness,1800,Debit
2023-09-05,Starbucks,Food,652,Debit
2024-03-12,Flipkart,Shopping,1258,Debit
2024-08-13,Ola,Transport,1962,Debit
2023-07-30,Hotstar,Entertainment,399,Debit
2023-02-24,Amazon,Shopping,1324,Debit
2023-10-26,Amazon,Shopping,1241,Debit
2023-06-14,Amazon,Shopping,1546,Debit
2023-04-30,Swiggy,Food,1186,Debit
2023-03-08,Zomato,Food,1510,Debit
2023-11-16,Blinkit,Groceries,344,Debit
2024-11-23,Swiggy,Food,657,Debit
2024-10-03,Swiggy,Food,2189,Debit
2024-10-23,Uber,Transport,467,Debit
2023-08-30,Starbucks,Food,1963,Debit
2024-04-21,Flipkart,Shopping,596,Debit
2023-12-23,Amazon,Shopping,2471,Debit
2024-10-18,Uber,Transport,1825,Debit
2024-10-24,Ola,Transport,1957,Debit
2024-02-03,Starbucks,Food,1218,Debit
2024-05-11,Blinkit,Groceries,1584,Debit
2023-10-23,Amazon,Shopping,1567,Debit
2023-10-11,Ola,Transport,2088,Debit
2024-04-08,Amazon,Shopping,1137,Debit
2023-04-27,Zomato,Food,623,Debit
2023-11-02,Flipkart,Shopping,661,Debit
2024-03-22,Starbucks,Food,783,Debit
2024-06-08,Uber,Transport,752,Debit
2024-11-28,Blinkit,Groceries,1310,Debit
2024-12-21,Salary,Income,28000,Credit
2023-09-04,Amazon,Shopping,1026,Debit
2023-06-30,Netflix,Entertainment,549,Debit
2024-04-15,Swiggy,Food,2410,Debit
2023-05-29,Blinkit,Groceries,448,Debit
2024-10-14,Starbucks,Food,2293,Debit
2024-10-14,Flipkart,Shopping,2435,Debit
2023-09-26,Uber,Transport,862,Debit
2023-03-09,Swiggy,Food,1019,Debit
2023-07-30,Buy Now Pay Later EMI,Loan,3100,Debit
2024-09-06,Flipkart,Shopping,1510,Debit
2023-04-09,Ola,Transport,1497,Debit
2024-02-25,Starbucks,Food,707,Debit
2023-02-21,Swiggy,Food,797,Debit
2023-03-27,Flipkart,Shopping,1026,Debit
2023-12-11,Starbucks,Food,2094,Debit
2024-01-28,Zomato,Food,2354,Debit
2024-02-17,Blinkit,Groceries,2481,Debit
2023-09-18,Starbucks,Food,1343,Debit
2023-09-28,Credit Card EMI,Loan,4200,Debit
2023-01-02,Uber,Transport,1150,Debit
2023-01-14,Blinkit,Groceries,1647,Debit
2023-11-20,Blinkit,Groceries,1773,Debit
2023-05-02,Blinkit,Groceries,788,Debit
2023-03-13,Amazon,Shopping,883,Debit
2023-05-02,Uber,Transport,1001,Debit
2024-08-25,Starbucks,Food,2231,Debit
2024-09-09,Ola,Transport,2266,Debit
2023-11-27,Amazon Prime,Shopping,299,Debit
2024-02-14,Flipkart,Shopping,712,Debit
2023-04-25,Ola,Transport,1414,Debit
2023-05-17,Ola,Transport,655,Debit
2023-05-31,Zomato,Food,2150,Debit
2024-08-06,Zomato,Food,1804,Debit
2024-05-30,Starbucks,Food,2434,Debit
2023-10-25,Flipkart,Shopping,1003,Debit
2023-05-12,Flipkart,Shopping,1097,Debit
2024-05-28,Blinkit,Groceries,352,Debit
2023-07-02,Starbucks,Food,2208,Debit
2024-07-12,Flipkart,Shopping,1705,Debit
2023-06-22,Amazon,Shopping,1530,Debit
2023-12-21,Flipkart,Shopping,2146,Debit
2024-08-18,Zomato,Food,2288,Debit
2023-08-04,Ola,Transport,1536,Debit
2024-05-21,Amazon,Shopping,1944,Debit
2024-10-22,Apple Music,Music,149,Debit
2024-11-21,Gym Membership,Fitness,1800,Debit
2024-10-17,Amazon,Shopping,895,Debit
2024-06-24,Gym Membership,Fitness,1800,Debit
2024-01-26,Gym Membership,Fitness,1800,Debit
2023-12-29,Ola,Transport,2273,Debit
2024-06-12,Ola,Transport,1513,Debit
2023-04-17,Amazon,Shopping,1924,Debit
2023-07-31,Blinkit,Groceries,1701,Debit
2024-02-28,Flipkart,Shopping,2019,Debit
2024-08-10,Uber,Transport,1165,Debit
2023-04-09,Flipkart,Shopping,1683,Debit
2023-06-06,Swiggy,Food,1742,Debit
2023-04-08,Swiggy,Food,1053,Debit
2023-03-15,Swiggy,Food,2315,Debit
2023-04-05,Uber,Transport,798,Debit
2023-04-07,Ola,Transport,459,Debit
2023-02-17,Starbucks,Food,799,Debit
2023-11-28,Blinkit,Groceries,1805,Debit
2023-11-05,Flipkart,Shopping,2328,Debit
2023-09-20,Uber,Transport,340,Debit
2023-06-21,Uber,Transport,1827,Debit
2023-07-02,Flipkart,Shopping,569,Debit
2024-12-11,Zomato,Food,1509,Debit
2024-08-19,Ola,Transport,623,Debit
2024-10-14,Starbucks,Food,1154,Debit
2023-05-26,Flipkart,Shopping,1098,Debit
2023-02-24,Amazon,Shopping,2456,Debit
2023-12-03,Blinkit,Groceries,2227,Debit
2024-11-02,Uber,Transport,305,Debit
2023-11-01,Flipkart,Shopping,675,Debit
2023-09-07,Blinkit,Groceries,2471,Debit
2023-09-20,Uber,Transport,669,Debit
2023-11-10,Uber,Transport,2122,Debit
2024-01-25,Blinkit,Groceries,852,Debit
2023-06-29,Flipkart,Shopping,1503,Debit
2024-06-17,Zomato,Food,948,Debit
2024-07-01,Uber,Transport,2001,Debit
2024-02-16,Ola,Transport,1929,Debit
2023-02-13,Ola,Transport,1707,Debit
2023-10-14,Flipkart,Shopping,2359,Debit
2024-03-23,Uber,Transport,2069,Debit
2024-02-09,Zomato,Food,2029,Debit
2023-03-22,Uber,Transport,2398,Debit
2024-10-21,Zomato,Food,2046,Debit
2024-06-24,Electricity Bill,Utilities,1979,Debit
2023-10-13,Amazon,Shopping,2010,Debit
2024-03-04,Swiggy,Food,1818,Debit
2023-06-02,Blinkit,Groceries,1113,Debit
2023-06-30,YouTube Premium,Entertainment,189,Debit
2023-11-18,Swiggy,Food,439,Debit
2023-01-27,Zomato,Food,1264,Debit
2023-06-11,Amazon,Shopping,2286,Debit
2023-12-24,Uber,Transport,2046,Debit
2024-08-23,Amazon,Shopping,2374,Debit
2023-02-19,Ola,Transport,2489,Debit
2024-07-10,Flipkart,Shopping,2332,Debit
2024-02-21,Zomato,Food,1404,Debit
2024-12-25,Ola,Transport,1309,Debit
2023-05-10,Blinkit,Groceries,1008,Debit
2024-03-24,Starbucks,Food,1347,Debit
2024-05-08,Amazon,Shopping,2011,Debit
2023-05-15,Amazon,Shopping,1154,Debit
2023-05-07,Uber,Transport,1779,Debit
2024-08-10,Zomato,Food,1600,Debit
2024-11-19,Blinkit,Groceries,1065,Debit
2023-06-30,Google Drive,Cloud,260,Debit
2023-01-12,Amazon,Shopping,1120,Debit
2023-09-03,Swiggy,Food,2040,Debit
2024-06-08,Ola,Transport,1615,Debit
2023-09-13,Swiggy,Food,2281,Debit
2024-05-13,Ola,Transport,2410,Debit
2023-01-08,Amazon,Shopping,1852,Debit
2023-08-19,Blinkit,Groceries,724,Debit
2023-01-01,Mobile Recharge,Utilities,689,Debit
2024-06-17,Uber,Transport,1948,Debit
2023-01-13,Amazon,Shopping,1812,Debit
2024-03-28,Zomato,Food,1341,Debit
2023-09-14,Amazon,Shopping,2076,Debit
2024-10-14,Uber,Transport,1692,Debit
2024-08-08,Blinkit,Groceries,1329,Debit
2023-05-01,Amazon Prime,Shopping,299,Debit
2024-05-16,Zomato,Food,1479,Debit
2024-04-01,Blinkit,Groceries,945,Debit
2023-06-12,Blinkit,Groceries,2452,Debit
2023-05-29,Amazon,Shopping,1842,Debit
2023-01-15,Starbucks,Food,2012,Debit
2023-01-22,Ola,Transport,1011,Debit
2023-04-15,Starbucks,Food,985,Debit
2024-09-05,Blinkit,Groceries,1960,Debit
2023-08-10,Swiggy,Food,1375,Debit
2024-09-04,Amazon,Shopping,1966,Debit
2024-09-09,Starbucks,Food,1354,Debit
2023-05-06,Uber,Transport,2444,Debit
2024-04-04,Flipkart,Shopping,1138,Debit
2023-06-17,Ola,Transport,2021,Debit
2024-10-08,Uber,Transport,736,Debit
2023-01-19,Swiggy,Food,495,Debit
2024-08-26,Amazon,Shopping,760,Debit
2024-02-05,Starbucks,Food,2167,Debit
2023-09-20,Blinkit,Groceries,777,Debit
2023-03-11,Flipkart,Shopping,1270,Debit
2024-09-02,Ola,Transport,2155,Debit
2024-11-19,Ola,Transport,2016,Debit
2024-06-01,Ola,Transport,1149,Debit
2023-08-29,Amazon Prime,Shopping,299,Debit
2023-02-08,Zomato,Food,1289,Debit
2023-02-09,Swiggy,Food,2472,Debit
2024-09-07,Starbucks,Food,1657,Debit
2024-03-25,Amazon,Shopping,1139,Debit
2024-04-03,Amazon,Shopping,1881,Debit
2024-03-27,Ola,Transport,301,Debit
2023-06-21,Ola,Transport,2012,Debit
2024-01-05,Starbucks,Food,2283,Debit
2023-10-07,Blinkit,Groceries,910,Debit
2024-02-02,Blinkit,Groceries,879,Debit
2024-07-25,Starbucks,Food,1104,Debit
2023-09-14,Zomato,Food,2298,Debit
2023-05-11,Starbucks,Food,822,Debit
2023-12-31,Amazon,Shopping,1654,Debit
2024-01-23,Amazon,Shopping,2181,Debit
2023-01-06,Ola,Transport,1871,Debit
2024-11-19,Amazon,Shopping,2305,Debit
2023-08-26,Amazon,Shopping,1946,Debit
2024-08-23,Starbucks,Food,1897,Debit
2023-05-31,Apple Music,Music,149,Debit
2023-01-17,Swiggy,Food,770,Debit
2024-06-28,Ola,Transport,1482,Debit
2024-11-17,Zomato,Food,446,Debit
2023-11-10,Swiggy,Food,2389,Debit
2023-04-20,Ola,Transport,555,Debit
2023-08-17,Zomato,Food,2023,Debit
2024-08-23,Apple Music,Music,149,Debit
2024-11-09,Uber,Transport,464,Debit
2024-07-06,Zomato,Food,497,Debit
2023-12-23,Blinkit,Groceries,1958,Debit
2023-03-27,Starbucks,Food,928,Debit
2024-01-24,Swiggy,Food,1902,Debit
2023-11-27,Ola,Transport,1356,Debit
2023-07-15,Ola,Transport,1892,Debit
2023-02-16,Flipkart,Shopping,719,Debit
2024-03-14,Amazon,Shopping,1636,Debit
2023-05-25,Starbucks,Food,1954,Debit
2023-10-28,Personal Loan EMI,Loan,8500,Debit
2024-10-26,Amazon,Shopping,1083,Debit
2024-11-25,Ola,Transport,2334,Debit
2023-03-24,Swiggy,Food,1324,Debit
2023-09-29,Swiggy,Food,2098,Debit
2024-09-10,Flipkart,Shopping,981,Debit
2023-07-23,Amazon,Shopping,1233,Debit
2023-01-24,Starbucks,Food,982,Debit
2023-04-01,Internet Bill,Utilities,1184,Debit
2023-09-28,Electricity Bill,Utilities,3152,Debit
2024-07-28,Flipkart,Shopping,1837,Debit
2023-06-20,Amazon,Shopping,1868,Debit
2024-10-22,Amazon Prime,Shopping,299,Debit
2023-01-11,Amazon,Shopping,985,Debit
2024-06-15,Zomato,Food,1877,Debit
2023-12-04,Starbucks,Food,1448,Debit
2024-08-23,Salary,Income,30000,Credit
2023-08-01,Uber,Transport,601,Debit
2023-08-06,Amazon,Shopping,1831,Debit
2023-05-20,Flipkart,Shopping,999,Debit
2023-03-07,Uber,Transport,2086,Debit
2024-09-09,Swiggy,Food,342,Debit
2023-05-01,Personal Loan EMI,Loan,8500,Debit
2023-05-31,Buy Now Pay Later EMI,Loan,3100,Debit
2024-10-07,Flipkart,Shopping,1363,Debit
2023-01-31,Salary,Income,30000,Credit
2024-01-27,Ola,Transport,335,Debit
2024-01-30,Blinkit,Groceries,1247,Debit
2023-03-13,Uber,Transport,1476,Debit
2023-09-16,Ola,Transport,418,Debit
2023-10-28,Flipkart,Shopping,818,Debit
2023-09-06,Blinkit,Groceries,2433,Debit
2024-01-19,Blinkit,Groceries,376,Debit
2023-11-07,Zomato,Food,2397,Debit
2024-10-04,Flipkart,Shopping,304,Debit
2024-06-28,Uber,Transport,566,Debit
2023-07-08,Swiggy,Food,605,Debit
2023-01-07,Amazon,Shopping,1613,Debit
2024-09-16,Ola,Transport,781,Debit
2023-07-24,Swiggy,Food,767,Debit
2023-12-22,Blinkit,Groceries,2164,Debit
2023-10-31,Swiggy,Food,350,Debit
2023-07-21,Starbucks,Food,1893,Debit
2023-08-29,Internet Bill,Utilities,1264,Debit
2024-02-25,Google Drive,Cloud,260,Debit
2024-11-12,Blinkit,Groceries,612,Debit
2023-11-06,Zomato,Food,942,Debit
2024-08-15,Uber,Transport,2354,Debit
2023-08-25,Amazon,Shopping,2326,Debit
2023-06-26,Ola,Transport,1361,Debit
2023-01-31,Amazon,Shopping,1936,Debit
2024-03-19,Blinkit,Groceries,526,Debit
2023-09-09,Ola,Transport,763,Debit
2023-12-09,Starbucks,Food,770,Debit
2024-06-19,Starbucks,Food,457,Debit
2023-11-01,Zomato,Food,748,Debit
2024-02-10,Blinkit,Groceries,1086,Debit
2024-04-04,Flipkart,Shopping,942,Debit
2023-08-19,Ola,Transport,1722,Debit
2023-02-22,Uber,Transport,852,Debit
2024-07-19,Blinkit,Groceries,1704,Debit
2023-08-14,Swiggy,Food,695,Debit
2023-05-21,Amazon,Shopping,1830,Debit
2023-12-02,Zomato,Food,741,Debit
2023-08-21,Blinkit,Groceries,2373,Debit
2024-09-15,Flipkart,Shopping,1402,Debit
2024-01-26,Electricity Bill,Utilities,1969,Debit
2023-01-24,Swiggy,Food,2400,Debit
2023-12-12,Zomato,Food,418,Debit
2024-04-26,Ola,Transport,1684,Debit
2024-10-22,Starbucks,Food,2017,Debit
2024-03-11,Ola,Transport,1104,Debit
2024-04-19,Amazon,Shopping,512,Debit
2023-05-12,Zomato,Food,869,Debit
2024-03-06,Amazon,Shopping,1602,Debit
2023-04-18,Uber,Transport,393,Debit
2023-01-14,Starbucks,Food,1932,Debit
2024-09-14,Amazon,Shopping,835,Debit
2024-11-21,YouTube Premium,Entertainment,189,Debit
2023-09-13,Blinkit,Groceries,933,Debit
2024-09-23,Starbucks,Food,1404,Debit
2024-09-30,Ola,Transport,621,Debit
2024-05-25,Mobile Recharge,Utilities,668,Debit
2023-10-26,Starbucks,Food,1495,Debit
2024-12-26,Ola,Transport,1886,Debit
2024-01-19,Blinkit,Groceries,2208,Debit
2024-07-20,Blinkit,Groceries,1200,Debit
2023-04-03,Swiggy,Food,2161,Debit
2023-12-30,Starbucks,Food,1858,Debit
2024-11-08,Swiggy,Food,922,Debit
2023-04-21,Uber,Transport,304,Debit
2024-10-08,Swiggy,Food,1511,Debit
2024-02-26,Zomato,Food,1849,Debit
2023-01-09,Amazon,Shopping,2006,Debit
2024-09-05,Ola,Transport,894,Debit
2024-08-10,Ola,Transport,1363,Debit
2024-09-22,Hotstar,Entertainment,399,Debit
2024-08-19,Uber,Transport,1686,Debit
2023-02-03,Uber,Transport,313,Debit
2023-02-15,Zomato,Food,1419,Debit
2024-04-05,Zomato,Food,1348,Debit
2023-06-07,Amazon,Shopping,697,Debit
2024-08-14,Flipkart,Shopping,1512,Debit
2023-07-30,Apple Music,Music,149,Debit
2023-05-31,Blinkit,Groceries,2348,Debit
2023-10-28,Amazon Prime,Shopping,299,Debit
2023-10-27,Ola,Transport,536,Debit
2024-08-18,Ola,Transport,621,Debit
2024-08-28,Amazon,Shopping,2357,Debit
2023-04-15,Zomato,Food,659,Debit
2023-08-10,Uber,Transport,1399,Debit
2024-04-24,Amazon,Shopping,2119,Debit
2023-02-20,Uber,Transport,1979,Debit
2024-06-03,Starbucks,Food,1245,Debit
2023-03-02,Amazon,Shopping,1571,Debit
2024-04-23,Zomato,Food,1267,Debit
2024-02-24,Ola,Transport,824,Debit
2024-09-01,Zomato,Food,971,Debit
2023-06-30,Spotify,Music,199,Debit
2024-07-24,Google Drive,Cloud,260,Debit
2023-04-16,Flipkart,Shopping,1892,Debit
2023-01-25,Ola,Transport,959,Debit
2023-03-10,Uber,Transport,558,Debit
2024-01-28,Amazon,Shopping,1776,Debit
2023-10-08,Flipkart,Shopping,952,Debit
2024-02-25,Gym Membership,Fitness,1800,Debit
2023-11-20,Blinkit,Groceries,1178,Debit
2024-07-21,Starbucks,Food,1769,Debit
2024-12-01,Zomato,Food,1526,Debit
2024-05-05,Starbucks,Food,1582,Debit
2023-11-03,Starbucks,Food,776,Debit
2024-06-30,Blinkit,Groceries,945,Debit
2023-01-31,Electricity Bill,Utilities,3414,Debit
2023-10-22,Ola,Transport,1948,Debit
2024-05-25,Internet Bill,Utilities,1109,Debit
2024-07-26,Uber,Transport,1853,Debit
2023-07-30,Electricity Bill,Utilities,2111,Debit
2024-05-22,Starbucks,Food,2434,Debit
2024-01-06,Amazon,Shopping,1203,Debit
2024-07-20,Blinkit,Groceries,1727,Debit
2024-09-28,Amazon,Shopping,2205,Debit
2024-11-22,Starbucks,Food,1303,Debit
2023-10-28,Netflix,Entertainment,549,Debit
2023-08-09,Uber,Transport,447,Debit
2023-09-28,Personal Loan EMI,Loan,8500,Debit
2024-08-18,Uber,Transport,1593,Debit
2024-06-06,Flipkart,Shopping,2146,Debit
2023-06-18,Swiggy,Food,307,Debit
2024-10-20,Flipkart,Shopping,1700,Debit
2024-06-25,Swiggy,Food,1637,Debit
2023-11-14,Amazon,Shopping,733,Debit
2023-11-26,Flipkart,Shopping,507,Debit
2023-04-29,Starbucks,Food,1036,Debit
2023-09-13,Blinkit,Groceries,910,Debit
2023-02-23,Starbucks,Food,694,Debit
2024-06-28,Amazon,Shopping,1625,Debit
2024-06-08,Uber,Transport,1051,Debit
2024-07-28,Blinkit,Groceries,1446,Debit
2024-08-11,Ola,Transport,694,Debit
2023-07-30,Mobile Recharge,Utilities,841,Debit
2023-04-25,Starbucks,Food,360,Debit
2024-11-13,Amazon,Shopping,794,Debit
2023-06-16,Swiggy,Food,1628,Debit
2023-08-27,Starbucks,Food,1254,Debit
2024-10-30,Ola,Transport,2055,Debit
2023-06-25,Swiggy,Food,738,Debit
2023-10-19,Amazon,Shopping,1125,Debit
2024-06-18,Flipkart,Shopping,2472,Debit
2023-04-01,Personal Loan EMI,Loan,8500,Debit
2024-09-14,Zomato,Food,1511,Debit
2024-06-04,Starbucks,Food,1348,Debit
2023-10-17,Flipkart,Shopping,1576,Debit
2024-03-18,Swiggy,Food,1139,Debit
2024-02-09,Flipkart,Shopping,1527,Debit
2024-06-24,Apple Music,Music,149,Debit
2023-04-08,Ola,Transport,2417,Debit
2024-01-01,Ola,Transport,2299,Debit
2024-01-24,Uber,Transport,373,Debit
2024-06-26,Flipkart,Shopping,547,Debit
2023-05-30,Ola,Transport,657,Debit
2023-07-31,Ola,Transport,2101,Debit
2023-11-11,Uber,Transport,455,Debit
2024-09-05,Starbucks,Food,1819,Debit
2023-09-01,Ola,Transport,1721,Debit
2024-08-20,Swiggy,Food,536,Debit
2023-07-04,Uber,Transport,2118,Debit
2023-05-31,Internet Bill,Utilities,1272,Debit
2023-12-29,Flipkart,Shopping,1793,Debit
2023-11-23,Ola,Transport,1980,Debit
2023-11-15,Flipkart,Shopping,658,Debit
2023-10-12,Amazon,Shopping,766,Debit
2023-07-29,Blinkit,Groceries,587,Debit
2024-04-16,Swiggy,Food,966,Debit
2023-03-18,Blinkit,Groceries,1129,Debit
2024-06-17,Blinkit,Groceries,2302,Debit
2024-05-02,Blinkit,Groceries,1754,Debit
2024-05-01,Flipkart,Shopping,708,Debit
2023-09-01,Uber,Transport,1987,Debit
2024-06-16,Zomato,Food,1821,Debit
2023-06-06,Flipkart,Shopping,972,Debit
2023-04-11,Uber,Transport,2228,Debit
2024-12-06,Ola,Transport,925,Debit
2024-12-21,Electricity Bill,Utilities,2942,Debit
2024-04-10,Ola,Transport,2057,Debit
2024-05-30,Ola,Transport,873,Debit
2024-02-23,Starbucks,Food,1001,Debit
2024-03-05,Uber,Transport,2449,Debit
2024-01-14,Zomato,Food,1096,Debit
2023-05-27,Ola,Transport,2235,Debit
2023-03-23,Amazon,Shopping,1542,Debit
2024-11-24,Ola,Transport,2422,Debit
2023-10-29,Starbucks,Food,816,Debit
2024-07-19,Blinkit,Groceries,1616,Debit
2024-01-09,Amazon,Shopping,1967,Debit
2023-02-18,Blinkit,Groceries,2044,Debit
2024-04-27,Swiggy,Food,1204,Debit
2024-06-14,Starbucks,Food,1543,Debit
2024-08-16,Swiggy,Food,1336,Debit
2024-06-23,Uber,Transport,2114,Debit
2024-08-23,Mobile Recharge,Utilities,701,Debit
2024-03-29,Uber,Transport,1480,Debit
2023-11-26,Swiggy,Food,1182,Debit
2023-02-10,Zomato,Food,952,Debit
2024-06-24,Ola,Transport,339,Debit
2024-07-03,Starbucks,Food,1151,Debit
2023-01-28,Starbucks,Food,383,Debit
2024-10-21,Blinkit,Groceries,1684,Debit
2024-10-03,Amazon,Shopping,570,Debit
2024-12-23,Amazon,Shopping,1287,Debit
2023-06-30,Personal Loan EMI,Loan,8500,Debit
2024-10-09,Ola,Transport,1510,Debit
2023-05-01,Buy Now Pay Later EMI,Loan,3100,Debit
2024-07-01,Swiggy,Food,411,Debit
2023-04-20,Ola,Transport,1590,Debit
2023-07-31,Zomato,Food,1427,Debit
2024-03-27,Blinkit,Groceries,1554,Debit
2023-12-02,Flipkart,Shopping,625,Debit
2024-04-25,Hotstar,Entertainment,399,Debit
2024-12-24,Zomato,Food,571,Debit
2023-05-30,Starbucks,Food,438,Debit
2024-11-23,Uber,Transport,425,Debit
2023-09-30,Starbucks,Food,1013,Debit
2024-04-25,Salary,Income,28000,Credit
2023-10-28,Mobile Recharge,Utilities,816,Debit
2023-01-01,Zomato,Food,786,Debit
2023-08-23,Ola,Transport,1711,Debit
2024-06-07,Amazon,Shopping,1287,Debit
2023-02-28,Flipkart,Shopping,1936,Debit
2024-06-29,Blinkit,Groceries,1352,Debit
2024-03-09,Flipkart,Shopping,558,Debit
2023-04-05,Zomato,Food,817,Debit
2023-07-25,Starbucks,Food,1077,Debit
2023-01-18,Flipkart,Shopping,1995,Debit
2024-03-21,Uber,Transport,607,Debit
2024-03-20,Blinkit,Groceries,2206,Debit
2023-02-27,Zomato,Food,1228,Debit
2024-07-24,Blinkit,Groceries,2385,Debit
2024-08-26,Uber,Transport,612,Debit
2024-05-25,Personal Loan EMI,Loan,8500,Debit
2024-04-28,Zomato,Food,1473,Debit
2023-01-01,Buy Now Pay Later EMI,Loan,3100,Debit
2023-08-15,Amazon,Shopping,2145,Debit
2023-10-12,Starbucks,Food,2364,Debit
2023-02-16,Blinkit,Groceries,2121,Debit
2024-09-22,Netflix,Entertainment,549,Debit
2023-07-21,Uber,Transport,1500,Debit
2023-06-07,Amazon,Shopping,1355,Debit
2024-07-05,Swiggy,Food,1424,Debit
2024-01-26,Credit Card EMI,Loan,4200,Debit
2024-08-23,Amazon Prime,Shopping,299,Debit
2023-05-31,Personal Loan EMI,Loan,8500,Debit
2023-11-14,Starbucks,Food,1490,Debit
2024-09-29,Uber,Transport,1513,Debit
2024-06-20,Amazon,Shopping,1118,Debit
2023-11-21,Ola,Transport,2479,Debit
2023-12-27,Mobile Recharge,Utilities,672,Debit
2024-02-17,Flipkart,Shopping,652,Debit
2024-10-15,Starbucks,Food,2084,Debit
2024-10-30,Uber,Transport,1031,Debit
2024-09-19,Swiggy,Food,1574,Debit
2024-03-22,Starbucks,Food,1018,Debit
2023-10-22,Zomato,Food,1337,Debit
2024-03-24,Zomato,Food,1483,Debit
2023-09-02,Starbucks,Food,1962,Debit
2023-10-15,Ola,Transport,819,Debit
2024-07-17,Swiggy,Food,436,Debit
2024-08-26,Uber,Transport,499,Debit
2024-10-11,Flipkart,Shopping,2264,Debit
2023-07-10,Flipkart,Shopping,1195,Debit
2023-01-12,Swiggy,Food,730,Debit
2024-06-16,Uber,Transport,2254,Debit
2023-06-09,Uber,Transport,856,Debit
2024-02-25,Salary,Income,32000,Credit
2024-12-21,Gym Membership,Fitness,1800,Debit
2023-02-05,Starbucks,Food,1126,Debit
2023-04-09,Zomato,Food,985,Debit
2023-10-13,Flipkart,Shopping,708,Debit
2023-02-18,Amazon,Shopping,2324,Debit
2023-10-29,Uber,Transport,2380,Debit
2023-04-01,Flipkart,Shopping,1434,Debit
2023-06-21,Ola,Transport,2294,Debit
2024-04-11,Blinkit,Groceries,1371,Debit
2024-04-27,Flipkart,Shopping,2100,Debit
2023-02-26,Blinkit,Groceries,1190,Debit
2023-07-30,Zomato,Food,656,Debit
2023-08-27,Swiggy,Food,817,Debit
2023-10-15,Amazon,Shopping,574,Debit
2023-07-19,Blinkit,Groceries,2369,Debit
2024-12-12,Uber,Transport,1502,Debit
2024-04-22,Ola,Transport,367,Debit
2023-05-31,Gym Membership,Fitness,1800,Debit
2023-06-11,Zomato,Food,358,Debit
2024-06-24,Spotify,Music,199,Debit
2024-02-15,Swiggy,Food,520,Debit
2024-09-26,Ola,Transport,647,Debit
2024-07-28,Zomato,Food,1523,Debit
2023-09-15,Starbucks,Food,487,Debit
2023-10-26,Amazon,Shopping,2155,Debit
2024-10-25,Flipkart,Shopping,2134,Debit
2023-04-23,Blinkit,Groceries,1450,Debit
2023-08-08,Flipkart,Shopping,2082,Debit
2023-09-07,Starbucks,Food,1792,Debit
2024-07-12,Blinkit,Groceries,1978,Debit
2024-02-08,Flipkart,Shopping,496,Debit
2023-09-16,Zomato,Food,2154,Debit
2023-01-31,Hotstar,Entertainment,399,Debit
2024-09-27,Uber,Transport,2076,Debit
2024-11-26,Starbucks,Food,654,Debit
2024-11-09,Ola,Transport,1760,Debit
2024-02-19,Blinkit,Groceries,2088,Debit
2024-12-14,Starbucks,Food,2135,Debit
2024-02-24,Amazon,Shopping,1260,Debit
2024-05-25,Credit Card EMI,Loan,4200,Debit
2024-03-27,Amazon,Shopping,1733,Debit
2023-07-09,Starbucks,Food,1016,Debit
2023-08-13,Swiggy,Food,2269,Debit
2023-11-16,Swiggy,Food,1980,Debit
2024-12-27,Blinkit,Groceries,896,Debit
2024-09-19,Zomato,Food,2468,Debit
2024-04-09,Flipkart,Shopping,1282,Debit
2023-01-17,Ola,Transport,2183,Debit
2023-11-29,Starbucks,Food,2394,Debit
2023-05-07,Swiggy,Food,595,Debit
2024-03-01,Ola,Transport,928,Debit
2024-06-23,Zomato,Food,1433,Debit
2024-05-24,Ola,Transport,2400,Debit
2024-01-26,YouTube Premium,Entertainment,189,Debit
2023-03-24,Swiggy,Food,1004,Debit
2023-06-24,Starbucks,Food,1021,Debit
2023-12-06,Starbucks,Food,2282,Debit
2023-07-28,Amazon,Shopping,388,Debit
2023-12-27,Salary,Income,32000,Credit
2024-05-08,Zomato,Food,2153,Debit
2023-10-04,Blinkit,Groceries,329,Debit
2023-11-20,Amazon,Shopping,1982,Debit
2023-05-12,Uber,Transport,2499,Debit
2024-04-23,Flipkart,Shopping,1240,Debit
2023-06-22,Blinkit,Groceries,2437,Debit
2024-01-17,Amazon,Shopping,1089,Debit
2024-07-20,Zomato,Food,1771,Debit
2023-09-29,Swiggy,Food,595,Debit
2024-07-24,Zomato,Food,2261,Debit
2024-07-06,Uber,Transport,2218,Debit
2024-02-12,Starbucks,Food,1269,Debit
2024-08-03,Amazon,Shopping,1405,Debit
2024-11-15,Amazon,Shopping,329,Debit
2024-03-03,Amazon,Shopping,1104,Debit
2024-04-08,Swiggy,Food,1176,Debit
2024-09-09,Amazon,Shopping,666,Debit
2024-05-06,Flipkart,Shopping,1406,Debit
2024-01-06,Blinkit,Groceries,1351,Debit
2023-06-18,Uber,Transport,1216,Debit
2023-04-21,Zomato,Food,643,Debit
2024-04-20,Swiggy,Food,2448,Debit
2023-03-01,Zomato,Food,319,Debit
2024-10-28,Uber,Transport,1695,Debit
2023-02-12,Zomato,Food,388,Debit
2024-11-14,Flipkart,Shopping,1892,Debit
2024-12-28,Blinkit,Groceries,2025,Debit
2023-05-08,Amazon,Shopping,1209,Debit
2024-08-22,Starbucks,Food,1436,Debit
2024-10-04,Zomato,Food,1541,Debit
2023-06-01,Swiggy,Food,2464,Debit
2024-09-22,Personal Loan EMI,Loan,8500,Debit
2023-08-13,Swiggy,Food,2417,Debit
2023-04-03,Zomato,Food,2282,Debit
2023-04-24,Swiggy,Food,1015,Debit
2023-05-14,Starbucks,Food,2428,Debit
2024-01-28,Ola,Transport,1279,Debit
2024-11-08,Ola,Transport,993,Debit
2023-11-27,Apple Music,Music,149,Debit
2023-02-14,Flipkart,Shopping,2336,Debit
2024-12-22,Uber,Transport,321,Debit
2023-01-02,Amazon,Shopping,1013,Debit
2024-05-28,Starbucks,Food,1641,Debit
2023-09-12,Zomato,Food,2438,Debit
2024-05-07,Zomato,Food,1286,Debit
2023-10-28,Starbucks,Food,1843,Debit
2024-12-31,Blinkit,Groceries,1863,Debit
2024-11-21,Mobile Recharge,Utilities,825,Debit
2023-04-11,Flipkart,Shopping,1535,Debit
2023-11-04,Amazon,Shopping,376,Debit
2023-07-26,Blinkit,Groceries,1718,Debit
2024-03-12,Swiggy,Food,1268,Debit
2023-12-27,Apple Music,Music,149,Debit
2023-02-13,Swiggy,Food,2077,Debit
2023-04-06,Uber,Transport,1203,Debit
2023-12-18,Starbucks,Food,1711,Debit
2024-12-12,Ola,Transport,2152,Debit
2024-06-10,Starbucks,Food,1393,Debit
2024-09-24,Starbucks,Food,1083,Debit
2023-10-02,Blinkit,Groceries,1029,Debit
2024-06-06,Amazon,Shopping,1278,Debit
2024-11-21,Swiggy,Food,1155,Debit
2024-06-04,Flipkart,Shopping,802,Debit
2023-05-01,Netflix,Entertainment,549,Debit
2024-09-06,Amazon,Shopping,1584,Debit
2023-10-20,Swiggy,Food,2261,Debit
2024-09-12,Uber,Transport,2237,Debit
2023-12-11,Uber,Transport,2171,Debit
2023-01-26,Blinkit,Groceries,2435,Debit
2024-08-29,Flipkart,Shopping,2008,Debit
2023-06-25,Blinkit,Groceries,1191,Debit
2023-10-01,Ola,Transport,384,Debit
2023-09-04,Uber,Transport,785,Debit
2023-01-16,Blinkit,Groceries,994,Debit
2023-01-21,Zomato,Food,2285,Debit
2023-08-07,Amazon,Shopping,1827,Debit
2024-01-17,Amazon,Shopping,2229,Debit
2024-05-25,Electricity Bill,Utilities,3386,Debit
2024-09-01,Swiggy,Food,2271,Debit
2023-08-31,Zomato,Food,1016,Debit
2024-02-26,Zomato,Food,1865,Debit
2024-05-30,Swiggy,Food,1796,Debit
2024-10-18,Flipkart,Shopping,1117,Debit
2023-03-24,Swiggy,Food,952,Debit
2023-05-13,Zomato,Food,2273,Debit
2023-07-30,Spotify,Music,199,Debit
2024-04-18,Uber,Transport,308,Debit
2024-12-04,Zomato,Food,1858,Debit
2023-09-03,Flipkart,Shopping,1221,Debit
2023-06-02,Swiggy,Food,1354,Debit
2023-09-05,Zomato,Food,1883,Debit
2023-02-15,Ola,Transport,563,Debit
2024-10-18,Zomato,Food,2347,Debit
2023-08-10,Amazon,Shopping,572,Debit
2023-03-02,Netflix,Entertainment,549,Debit
2024-03-16,Uber,Transport,1662,Debit
2024-10-23,Zomato,Food,1170,Debit
2024-02-13,Uber,Transport,323,Debit
2024-05-22,Amazon,Shopping,1376,Debit
2023-03-19,Ola,Transport,937,Debit
2023-04-19,Amazon,Shopping,1748,Debit
2023-03-02,Amazon Prime,Shopping,299,Debit
2023-11-14,Ola,Transport,1749,Debit
2024-10-15,Starbucks,Food,705,Debit
2023-10-12,Zomato,Food,1003,Debit
2023-12-26,Swiggy,Food,1003,Debit
2024-11-21,Netflix,Entertainment,549,Debit
2023-11-25,Blinkit,Groceries,1681,Debit
2023-07-12,Blinkit,Groceries,2244,Debit
2024-07-24,Amazon Prime,Shopping,299,Debit
2024-02-29,Ola,Transport,1458,Debit
2023-04-04,Zomato,Food,1714,Debit
2024-08-11,Blinkit,Groceries,666,Debit
2024-10-30,Swiggy,Food,769,Debit
2024-07-13,Ola,Transport,1310,Debit
2023-07-30,Internet Bill,Utilities,1235,Debit
2024-03-27,Blinkit,Groceries,1665,Debit
2023-06-20,Ola,Transport,2135,Debit
2023-12-15,Flipkart,Shopping,1711,Debit
2024-08-23,YouTube Premium,Entertainment,189,Debit
2024-10-06,Blinkit,Groceries,873,Debit
2023-11-05,Blinkit,Groceries,1282,Debit
2024-10-02,Zomato,Food,1392,Debit
2024-01-10,Flipkart,Shopping,2137,Debit
2023-06-13,Zomato,Food,303,Debit
2023-08-25,Amazon,Shopping,2007,Debit
2024-09-22,YouTube Premium,Entertainment,189,Debit
2023-03-02,Apple Music,Music,149,Debit
2023-09-19,Zomato,Food,1213,Debit
2023-03-20,Swiggy,Food,1320,Debit
2024-06-27,Flipkart,Shopping,1669,Debit
2024-08-03,Uber,Transport,2238,Debit
2023-12-27,Credit Card EMI,Loan,4200,Debit
2024-03-26,Google Drive,Cloud,260,Debit
2023-01-27,Amazon,Shopping,1583,Debit
2024-11-12,Amazon,Shopping,2206,Debit
2024-07-06,Blinkit,Groceries,1275,Debit
2024-05-17,Flipkart,Shopping,1683,Debit
2023-02-01,Ola,Transport,1290,Debit
2024-10-01,Swiggy,Food,2083,Debit
2024-12-21,Buy Now Pay Later EMI,Loan,3100,Debit
2024-11-17,Swiggy,Food,402,Debit
2023-03-29,Zomato,Food,666,Debit
2023-07-30,Netflix,Entertainment,549,Debit
2023-06-01,Uber,Transport,1907,Debit
2024-07-11,Starbucks,Food,1108,Debit
2024-05-24,Blinkit,Groceries,1849,Debit
2024-04-27,Uber,Transport,685,Debit
2024-02-22,Flipkart,Shopping,826,Debit
2023-06-29,Zomato,Food,1095,Debit
2023-07-14,Starbucks,Food,1076,Debit
2023-11-21,Blinkit,Groceries,694,Debit
2023-06-10,Zomato,Food,1173,Debit
2023-12-16,Amazon,Shopping,2207,Debit
2023-12-03,Flipkart,Shopping,463,Debit
2023-08-24,Zomato,Food,1098,Debit
2023-03-20,Swiggy,Food,433,Debit
2024-03-18,Uber,Transport,992,Debit
2024-06-13,Swiggy,Food,2245,Debit
2023-03-02,Credit Card EMI,Loan,4200,Debit
2023-11-17,Flipkart,Shopping,1591,Debit
2024-03-31,Amazon,Shopping,1165,Debit
2023-10-08,Swiggy,Food,1381,Debit
2023-04-03,Blinkit,Groceries,2200,Debit
2023-04-29,Blinkit,Groceries,1613,Debit
2024-08-27,Flipkart,Shopping,1123,Debit
2023-12-23,Amazon,Shopping,412,Debit
2024-07-24,Mobile Recharge,Utilities,806,Debit
2023-06-13,Swiggy,Food,1689,Debit
2023-05-31,Amazon Prime,Shopping,299,Debit
2023-08-04,Starbucks,Food,2227,Debit
2024-12-17,Blinkit,Groceries,696,Debit
2023-02-15,Swiggy,Food,1199,Debit
2023-08-29,Apple Music,Music,149,Debit
2023-01-09,Flipkart,Shopping,317,Debit
2024-10-21,Swiggy,Food,2249,Debit
2023-09-16,Ola,Transport,1984,Debit
2023-09-18,Swiggy,Food,514,Debit
2024-05-27,Swiggy,Food,2084,Debit
2023-12-18,Swiggy,Food,2405,Debit
2023-06-04,Starbucks,Food,2400,Debit
2023-12-25,Swiggy,Food,2262,Debit
2023-07-26,Zomato,Food,1068,Debit
2023-09-29,Zomato,Food,1800,Debit
2023-02-13,Amazon,Shopping,588,Debit
2023-01-19,Swiggy,Food,1927,Debit
2024-05-02,Blinkit,Groceries,1585,Debit
2023-07-28,Ola,Transport,1929,Debit
2023-06-23,Amazon,Shopping,2053,Debit
2024-03-16,Flipkart,Shopping,1775,Debit
2024-09-21,Uber,Transport,1428,Debit
2024-03-02,Starbucks,Food,1423,Debit
2024-02-27,Zomato,Food,1803,Debit
2024-07-05,Flipkart,Shopping,1884,Debit
2024-12-21,Flipkart,Shopping,443,Debit
2023-02-12,Ola,Transport,928,Debit
2024-05-26,Starbucks,Food,1318,Debit
2023-03-21,Flipkart,Shopping,2496,Debit
2023-03-27,Blinkit,Groceries,1168,Debit
2024-03-14,Starbucks,Food,308,Debit
2024-12-28,Uber,Transport,1021,Debit
2023-03-30,Flipkart,Shopping,630,Debit
2023-05-24,Ola,Transport,609,Debit
2023-07-24,Amazon,Shopping,1153,Debit
2023-05-01,Starbucks,Food,1165,Debit
2024-04-11,Ola,Transport,1150,Debit
2023-02-04,Flipkart,Shopping,2080,Debit
2024-01-19,Amazon,Shopping,1798,Debit
2023-06-10,Blinkit,Groceries,1065,Debit
2023-11-03,Starbucks,Food,1940,Debit
2024-12-01,Flipkart,Shopping,1806,Debit
2023-10-20,Blinkit,Groceries,1645,Debit
2023-09-24,Blinkit,Groceries,723,Debit
2024-04-02,Swiggy,Food,946,Debit
2023-03-25,Uber,Transport,1386,Debit
2024-06-24,Starbucks,Food,1846,Debit
2024-06-19,Ola,Transport,2018,Debit
2023-08-20,Ola,Transport,1022,Debit
2024-02-25,Netflix,Entertainment,549,Debit
2024-07-04,Ola,Transport,680,Debit
2024-10-09,Ola,Transport,521,Debit
2023-12-06,Uber,Transport,1780,Debit
2023-04-15,Ola,Transport,1564,Debit
2023-12-27,Electricity Bill,Utilities,2493,Debit
2023-04-26,Zomato,Food,995,Debit
2023-06-18,Swiggy,Food,1931,Debit
2023-06-17,Ola,Transport,2497,Debit
2023-01-21,Uber,Transport,1417,Debit
2024-12-21,Netflix,Entertainment,549,Debit
2023-05-28,Swiggy,Food,2441,Debit
2023-09-19,Starbucks,Food,666,Debit
2024-10-19,Amazon,Shopping,2394,Debit
2024-11-03,Uber,Transport,1166,Debit
2024-07-15,Starbucks,Food,1290,Debit
2023-09-13,Amazon,Shopping,1643,Debit
2024-10-22,Gym Membership,Fitness,1800,Debit
2023-09-28,Swiggy,Food,690,Debit
2024-10-09,Ola,Transport,1578,Debit
2023-11-17,Starbucks,Food,922,Debit
2023-05-21,Blinkit,Groceries,2273,Debit
2023-09-02,Flipkart,Shopping,1475,Debit
2024-10-25,Blinkit,Groceries,596,Debit
2024-10-23,Zomato,Food,831,Debit
2023-06-05,Flipkart,Shopping,2435,Debit
2023-08-23,Swiggy,Food,941,Debit
2024-08-03,Starbucks,Food,1278,Debit
2024-03-28,Starbucks,Food,1489,Debit
2023-10-20,Flipkart,Shopping,2100,Debit
2024-03-26,Electricity Bill,Utilities,2882,Debit
2024-10-16,Flipkart,Shopping,2468,Debit
2023-12-03,Starbucks,Food,1717,Debit
2023-10-27,Zomato,Food,1318,Debit
2023-03-11,Flipkart,Shopping,1899,Debit
2024-11-21,Apple Music,Music,149,Debit
2023-03-02,YouTube Premium,Entertainment,189,Debit
2024-12-23,Amazon,Shopping,1234,Debit
2024-04-09,Ola,Transport,1473,Debit
2024-10-12,Swiggy,Food,1208,Debit
2023-04-22,Uber,Transport,1253,Debit
2024-03-28,Swiggy,Food,1417,Debit
2024-11-15,Amazon,Shopping,1776,Debit
2024-07-06,Blinkit,Groceries,2330,Debit
2024-06-30,Blinkit,Groceries,863,Debit
2024-12-08,Ola,Transport,991,Debit
2023-12-17,Amazon,Shopping,1038,Debit
2024-03-26,Gym Membership,Fitness,1800,Debit
2023-08-27,Amazon,Shopping,1803,Debit
2024-10-25,Amazon,Shopping,1058,Debit
2024-05-20,Zomato,Food,1066,Debit
2023-01-16,Ola,Transport,1420,Debit
2024-03-28,Amazon,Shopping,871,Debit
2024-09-15,Flipkart,Shopping,1608,Debit
2023-10-19,Ola,Transport,1381,Debit
2023-09-24,Starbucks,Food,1771,Debit
2024-05-08,Amazon,Shopping,2184,Debit
2024-04-22,Ola,Transport,890,Debit
2023-07-03,Blinkit,Groceries,1367,Debit
2024-07-04,Flipkart,Shopping,1731,Debit
2024-10-22,Ola,Transport,604,Debit
2023-05-03,Zomato,Food,1384,Debit
2024-04-11,Uber,Transport,1478,Debit
2023-12-30,Amazon,Shopping,996,Debit
2024-07-01,Amazon,Shopping,2059,Debit
2023-03-24,Ola,Transport,1008,Debit
2023-10-02,Starbucks,Food,1267,Debit
2023-05-19,Starbucks,Food,1311,Debit
2023-03-16,Zomato,Food,1754,Debit
2023-04-18,Blinkit,Groceries,1032,Debit
2023-01-30,Flipkart,Shopping,1670,Debit
2024-08-15,Zomato,Food,2169,Debit
2023-09-17,Blinkit,Groceries,1554,Debit
2024-09-22,Salary,Income,32000,Credit
2023-01-01,YouTube Premium,Entertainment,189,Debit
2024-04-06,Zomato,Food,978,Debit
2024-03-17,Amazon,Shopping,405,Debit
2024-08-20,Flipkart,Shopping,2416,Debit
2023-07-28,Ola,Transport,637,Debit
2023-10-30,Ola,Transport,2482,Debit
2024-10-22,Credit Card EMI,Loan,4200,Debit
2024-01-21,Swiggy,Food,860,Debit
2024-03-14,Starbucks,Food,2189,Debit
2023-07-21,Ola,Transport,769,Debit
2023-02-20,Blinkit,Groceries,1686,Debit
2023-03-17,Flipkart,Shopping,2493,Debit
2024-07-14,Swiggy,Food,408,Debit
2024-02-02,Zomato,Food,2396,Debit
2024-11-04,Uber,Transport,447,Debit
2024-02-25,Blinkit,Groceries,1981,Debit
2023-05-08,Flipkart,Shopping,1293,Debit
2023-10-24,Flipkart,Shopping,1463,Debit
2023-01-13,Swiggy,Food,2007,Debit
2024-10-01,Ola,Transport,1009,Debit
2024-04-10,Amazon,Shopping,664,Debit
2024-11-29,Blinkit,Groceries,770,Debit
2024-01-26,Buy Now Pay Later EMI,Loan,3100,Debit
2023-05-07,Uber,Transport,933,Debit
2024-02-08,Uber,Transport,1539,Debit
2023-12-26,Amazon,Shopping,994,Debit
2023-12-19,Flipkart,Shopping,581,Debit
2024-05-30,Ola,Transport,888,Debit
2024-01-25,Ola,Transport,1917,Debit
2024-12-03,Ola,Transport,599,Debit
2023-12-02,Ola,Transport,1371,Debit
2023-05-01,Zomato,Food,1405,Debit
2023-08-21,Swiggy,Food,793,Debit
2023-05-03,Ola,Transport,2419,Debit
2024-12-16,Zomato,Food,680,Debit
2023-06-23,Amazon,Shopping,505,Debit
2024-04-17,Zomato,Food,644,Debit
2024-04-01,Flipkart,Shopping,1330,Debit
2024-01-29,Amazon,Shopping,1327,Debit
2023-09-04,Ola,Transport,376,Debit
2023-12-10,Flipkart,Shopping,859,Debit
2024-06-12,Starbucks,Food,1921,Debit
2023-06-06,Uber,Transport,743,Debit
2024-11-12,Uber,Transport,1156,Debit
2023-11-27,Electricity Bill,Utilities,2961,Debit
2023-05-17,Swiggy,Food,1022,Debit
2024-04-19,Zomato,Food,1174,Debit
2024-06-13,Uber,Transport,2408,Debit
2024-12-15,Flipkart,Shopping,1828,Debit
2023-04-29,Zomato,Food,1751,Debit
2023-10-16,Swiggy,Food,1881,Debit
2023-01-15,Uber,Transport,2129,Debit
2024-10-15,Blinkit,Groceries,2045,Debit
2024-07-24,Blinkit,Groceries,2157,Debit
2024-06-24,Google Drive,Cloud,260,Debit
2023-09-07,Zomato,Food,897,Debit
2024-12-24,Flipkart,Shopping,1609,Debit
2023-08-08,Ola,Transport,1995,Debit
2023-11-21,Starbucks,Food,1230,Debit
2023-10-17,Starbucks,Food,1572,Debit
2023-11-14,Flipkart,Shopping,1902,Debit
2024-12-02,Uber,Transport,1825,Debit
2023-03-20,Blinkit,Groceries,1481,Debit
2023-09-28,Amazon Prime,Shopping,299,Debit
2024-10-13,Uber,Transport,1886,Debit
2023-11-27,Zomato,Food,775,Debit
2023-12-05,Zomato,Food,2123,Debit
2024-11-19,Flipkart,Shopping,1303,Debit
2023-08-31,Amazon,Shopping,586,Debit
2023-08-09,Uber,Transport,1723,Debit
2023-06-30,Salary,Income,28000,Credit
2024-01-22,Uber,Transport,1490,Debit
2024-01-26,Personal Loan EMI,Loan,8500,Debit
2024-10-16,Ola,Transport,2075,Debit
2023-04-24,Swiggy,Food,1195,Debit
2023-04-20,Uber,Transport,1478,Debit
2024-12-10,Swiggy,Food,1323,Debit
2024-06-24,Zomato,Food,555,Debit
2023-12-01,Ola,Transport,810,Debit
2023-02-12,Flipkart,Shopping,1837,Debit
2023-08-05,Zomato,Food,1172,Debit
2024-06-11,Swiggy,Food,1731,Debit
2024-08-23,Internet Bill,Utilities,1365,Debit
2024-02-24,Flipkart,Shopping,1465,Debit
2024-11-21,Blinkit,Groceries,741,Debit
2024-12-09,Blinkit,Groceries,1339,Debit
2023-01-02,Uber,Transport,1978,Debit
2024-05-22,Amazon,Shopping,1277,Debit
2024-09-20,Blinkit,Groceries,1136,Debit
2023-08-29,Salary,Income,28000,Credit
2023-05-01,Hotstar,Entertainment,399,Debit
2023-08-08,Blinkit,Groceries,561,Debit
2024-02-19,Blinkit,Groceries,573,Debit
2023-05-22,Flipkart,Shopping,608,Debit
2023-07-13,Starbucks,Food,1402,Debit
2023-09-23,Uber,Transport,382,Debit
2024-09-22,Credit Card EMI,Loan,4200,Debit
2023-10-28,Hotstar,Entertainment,399,Debit
2023-10-21,Zomato,Food,480,Debit
2024-09-30,Ola,Transport,326,Debit
2024-12-24,Ola,Transport,2435,Debit
2023-03-27,Flipkart,Shopping,877,Debit
2023-01-31,Personal Loan EMI,Loan,8500,Debit
2023-05-19,Amazon,Shopping,2238,Debit
2024-02-04,Starbucks,Food,1021,Debit
2024-12-05,Zomato,Food,708,Debit
2024-05-25,Amazon Prime,Shopping,299,Debit
2023-02-19,Starbucks,Food,1153,Debit
2024-08-25,Zomato,Food,755,Debit
2023-12-27,Starbucks,Food,1542,Debit
2023-09-24,Ola,Transport,692,Debit
2023-11-19,Ola,Transport,429,Debit
2023-10-14,Swiggy,Food,1713,Debit
2023-05-11,Flipkart,Shopping,358,Debit
2023-10-30,Amazon,Shopping,1562,Debit
2023-04-01,Mobile Recharge,Utilities,617,Debit
2024-01-15,Ola,Transport,1506,Debit
2023-12-14,Amazon,Shopping,1382,Debit
2023-06-15,Uber,Transport,1231,Debit
2023-12-13,Blinkit,Groceries,734,Debit
2023-08-16,Swiggy,Food,2456,Debit
2024-07-21,Amazon,Shopping,2479,Debit
2023-02-02,Uber,Transport,1036,Debit
2024-04-25,Spotify,Music,199,Debit
2024-04-20,Flipkart,Shopping,2269,Debit
2024-09-17,Blinkit,Groceries,1356,Debit
2023-10-28,Spotify,Music,199,Debit
2024-01-17,Uber,Transport,465,Debit
2024-11-05,Flipkart,Shopping,1978,Debit
2023-08-23,Flipkart,Shopping,1528,Debit
2024-04-24,Starbucks,Food,1074,Debit
2023-10-20,Uber,Transport,1128,Debit
2024-05-09,Zomato,Food,1499,Debit
2023-01-25,Ola,Transport,1559,Debit
2023-12-20,Uber,Transport,2256,Debit
2024-05-03,Blinkit,Groceries,1300,Debit
2024-03-26,Buy Now Pay Later EMI,Loan,3100,Debit
2024-06-23,Uber,Transport,397,Debit
2023-12-17,Blinkit,Groceries,440,Debit
2023-01-27,Uber,Transport,981,Debit
2024-01-28,Uber,Transport,1754,Debit
2024-04-12,Zomato,Food,2072,Debit
2023-01-04,Flipkart,Shopping,1935,Debit
2024-02-11,Blinkit,Groceries,1788,Debit
2024-01-15,Flipkart,Shopping,1949,Debit
2024-07-20,Blinkit,Groceries,888,Debit
2023-09-26,Zomato,Food,464,Debit
2024-04-26,Uber,Transport,719,Debit
2024-03-15,Uber,Transport,2302,Debit
2023-02-12,Swiggy,Food,1020,Debit
2024-03-01,Ola,Transport,1349,Debit
2023-02-22,Starbucks,Food,1475,Debit
2023-06-21,Blinkit,Groceries,2430,Debit
2024-08-08,Amazon,Shopping,2337,Debit
2023-04-13,Swiggy,Food,2039,Debit
2023-03-21,Uber,Transport,1464,Debit
2023-12-28,Swiggy,Food,1155,Debit
2023-04-17,Uber,Transport,329,Debit
2024-05-19,Starbucks,Food,525,Debit
2024-04-06,Ola,Transport,966,Debit
2024-01-10,Flipkart,Shopping,1902,Debit
2023-01-12,Starbucks,Food,2217,Debit
2024-01-17,Blinkit,Groceries,481,Debit
2023-04-22,Starbucks,Food,1773,Debit
2024-06-24,Zomato,Food,1438,Debit
2023-07-23,Ola,Transport,1912,Debit
2024-10-17,Zomato,Food,1797,Debit
2023-08-28,Uber,Transport,2146,Debit
2024-08-05,Starbucks,Food,857,Debit
2024-09-22,Google Drive,Cloud,260,Debit
2023-08-09,Flipkart,Shopping,2222,Debit
2023-01-11,Swiggy,Food,2438,Debit
2023-01-25,Flipkart,Shopping,2086,Debit
2024-01-19,Zomato,Food,333,Debit
2023-04-05,Swiggy,Food,1100,Debit
2024-12-02,Blinkit,Groceries,1927,Debit
2024-04-07,Blinkit,Groceries,1413,Debit
2023-04-11,Swiggy,Food,2223,Debit
2023-02-03,Swiggy,Food,1342,Debit
2024-03-31,Amazon,Shopping,1752,Debit
2024-10-05,Zomato,Food,1646,Debit
2024-02-10,Blinkit,Groceries,908,Debit
2023-08-29,Electricity Bill,Utilities,2745,Debit
2024-06-20,Blinkit,Groceries,1274,Debit
2023-08-09,Flipkart,Shopping,1280,Debit
2024-05-18,Amazon,Shopping,2073,Debit
2024-01-29,Zomato,Food,1317,Debit
2024-12-26,Zomato,Food,2470,Debit
2023-05-31,Uber,Transport,2246,Debit
2023-10-02,Flipkart,Shopping,1124,Debit
2023-11-15,Zomato,Food,1801,Debit
2023-11-10,Blinkit,Groceries,737,Debit
2024-01-04,Flipkart,Shopping,381,Debit
2024-07-27,Amazon,Shopping,728,Debit
2023-04-02,Flipkart,Shopping,856,Debit
2023-03-06,Swiggy,Food,1709,Debit
2023-07-01,Flipkart,Shopping,868,Debit
2024-03-03,Swiggy,Food,1374,Debit
2024-08-05,Starbucks,Food,490,Debit
2023-08-06,Swiggy,Food,1878,Debit
2024-08-19,Amazon,Shopping,2193,Debit
2024-01-03,Uber,Transport,2125,Debit
2024-10-01,Starbucks,Food,1516,Debit
2024-08-05,Ola,Transport,2064,Debit
2024-05-17,Blinkit,Groceries,2232,Debit
2023-02-04,Uber,Transport,1255,Debit
2023-03-03,Ola,Transport,664,Debit
2024-09-05,Uber,Transport,1630,Debit
2023-12-06,Ola,Transport,732,Debit
2023-10-11,Swiggy,Food,535,Debit
2024-03-12,Flipkart,Shopping,1095,Debit
2023-09-15,Amazon,Shopping,1290,Debit
2024-11-01,Zomato,Food,1750,Debit
2024-08-23,Ola,Transport,1542,Debit
2024-01-11,Swiggy,Food,721,Debit
2023-04-23,Starbucks,Food,1105,Debit
2024-12-16,Uber,Transport,2434,Debit
2024-11-13,Swiggy,Food,382,Debit
2023-07-03,Starbucks,Food,1071,Debit
2023-08-20,Uber,Transport,343,Debit
2024-09-11,Flipkart,Shopping,2469,Debit
2023-04-10,Amazon,Shopping,1810,Debit
2023-12-31,Swiggy,Food,2359,Debit
2023-02-07,Ola,Transport,1285,Debit
2023-01-01,Uber,Transport,916,Debit
2023-04-21,Amazon,Shopping,2067,Debit
2024-08-31,Uber,Transport,320,Debit
2023-10-15,Flipkart,Shopping,561,Debit
2024-12-21,Apple Music,Music,149,Debit
2024-07-08,Blinkit,Groceries,695,Debit
2024-06-20,Amazon,Shopping,814,Debit
2023-03-07,Swiggy,Food,579,Debit
2023-12-24,Swiggy,Food,1337,Debit
2024-10-15,Flipkart,Shopping,2226,Debit
2024-06-01,Flipkart,Shopping,1800,Debit
2024-05-15,Zomato,Food,1551,Debit
2024-08-04,Amazon,Shopping,564,Debit
2024-07-09,Amazon,Shopping,1313,Debit
2024-02-25,YouTube Premium,Entertainment,189,Debit
2023-12-14,Flipkart,Shopping,2230,Debit
2023-12-22,Zomato,Food,2023,Debit
2023-11-27,Spotify,Music,199,Debit
2024-10-11,Amazon,Shopping,719,Debit
2023-09-28,Hotstar,Entertainment,399,Debit
2023-02-10,Ola,Transport,1793,Debit
2023-07-18,Flipkart,Shopping,589,Debit
2024-11-11,Starbucks,Food,345,Debit
2023-03-06,Amazon,Shopping,384,Debit
2024-11-20,Starbucks,Food,1060,Debit
2023-09-28,Netflix,Entertainment,549,Debit
2023-12-25,Ola,Transport,1197,Debit
2023-12-14,Ola,Transport,1355,Debit
2024-08-31,Amazon,Shopping,1610,Debit
2023-09-05,Uber,Transport,1045,Debit
2024-02-29,Swiggy,Food,1424,Debit
2023-10-13,Zomato,Food,2408,Debit
2023-01-01,Amazon Prime,Shopping,299,Debit
2024-10-29,Uber,Transport,2436,Debit
2024-10-17,Ola,Transport,2076,Debit
2023-09-26,Ola,Transport,2000,Debit
2024-02-25,Electricity Bill,Utilities,3267,Debit
2023-03-08,Swiggy,Food,1705,Debit
2024-05-25,Uber,Transport,2075,Debit
2024-11-23,Starbucks,Food,1810,Debit
2023-06-26,Zomato,Food,699,Debit
2024-05-14,Swiggy,Food,887,Debit
2024-12-29,Amazon,Shopping,593,Debit
2023-05-31,Electricity Bill,Utilities,3197,Debit
2024-03-24,Starbucks,Food,1386,Debit
2024-02-11,Blinkit,Groceries,1689,Debit
2024-08-24,Starbucks,Food,1921,Debit
2024-06-11,Zomato,Food,2402,Debit
2024-11-20,Blinkit,Groceries,1755,Debit
2023-03-30,Starbucks,Food,1242,Debit
2024-07-20,Blinkit,Groceries,1204,Debit
2024-04-24,Ola,Transport,976,Debit
2023-04-26,Swiggy,Food,1319,Debit
2023-09-01,Flipkart,Shopping,2114,Debit
2023-04-01,Electricity Bill,Utilities,3484,Debit
2023-07-25,Ola,Transport,1325,Debit
2024-08-18,Swiggy,Food,1691,Debit
2024-08-26,Starbucks,Food,1764,Debit
2024-09-04,Blinkit,Groceries,2251,Debit
2023-04-17,Swiggy,Food,843,Debit
2024-02-16,Starbucks,Food,564,Debit
2024-01-03,Swiggy,Food,392,Debit
2024-12-30,Swiggy,Food,2370,Debit
2024-10-24,Ola,Transport,2235,Debit
2024-01-16,Starbucks,Food,1222,Debit
2024-10-28,Starbucks,Food,408,Debit
2023-03-08,Starbucks,Food,1113,Debit
2023-10-24,Blinkit,Groceries,1934,Debit
2024-10-22,Hotstar,Entertainment,399,Debit
2024-07-16,Swiggy,Food,1352,Debit
2023-11-05,Swiggy,Food,1152,Debit
2024-07-24,Apple Music,Music,149,Debit
2023-10-01,Zomato,Food,2185,Debit
2024-10-22,Spotify,Music,199,Debit
2023-01-08,Uber,Transport,1351,Debit
2024-12-21,Flipkart,Shopping,710,Debit
2023-09-15,Blinkit,Groceries,1506,Debit
2023-03-26,Blinkit,Groceries,1437,Debit
2023-06-30,Gym Membership,Fitness,1800,Debit
2024-09-10,Amazon,Shopping,2157,Debit
2023-09-23,Starbucks,Food,526,Debit
2023-10-10,Swiggy,Food,2209,Debit
2024-09-07,Blinkit,Groceries,1629,Debit
2023-11-14,Uber,Transport,1841,Debit
2023-05-13,Swiggy,Food,2396,Debit
2024-09-13,Flipkart,Shopping,2432,Debit
2023-01-31,Uber,Transport,375,Debit
