Date,Transaction Description,Category,Amount,Type
2024-06-06,Ola,Transport,921,Debit
2024-11-25,Uber,Transport,713,Debit
2024-04-24,Swiggy,Food,2035,Debit
2024-10-13,Uber,Transport,456,Debit
2024-05-08,Swiggy,Food,2174,Debit
2024-10-16,Swiggy,Food,503,Debit
2023-05-05,Ola,Transport,1766,Debit
2023-04-23,Uber,Transport,439,Debit
2024-02-07,Starbucks,Food,2008,Debit
2023-08-31,Ola,Transport,885,Debit
2023-12-14,Starbucks,Food,895,Debit
2023-12-15,Uber,Transport,602,Debit
2023-03-20,Swiggy,Food,809,Debit
2023-03-24,Uber,Transport,286,Debit
2023-10-01,Zomato,Food,1435,Debit
2024-12-31,Ola,Transport,1448,Debit
2023-02-19,Swiggy,Food,2054,Debit
2023-03-02,Spotify,Music,199,Debit
2024-01-15,Swiggy,Food,853,Debit
2023-06-15,Uber,Transport,2080,Debit
2024-12-06,Uber,Transport,609,Debit
2024-05-30,Starbucks,Food,1213,Debit
2023-07-15,Ola,Transport,751,Debit
2024-07-23,Zomato,Food,953,Debit
2024-06-22,Flipkart,Shopping,1793,Debit
2024-05-25,Mobile Recharge,Utilities,765,Debit
2023-05-29,Starbucks,Food,817,Debit
2023-11-05,Zomato,Food,1098,Debit
2023-01-01,Netflix,Entertainment,649,Debit
2023-10-03,Swiggy,Food,855,Debit
2024-09-22,Uber,Transport,1225,Debit
2024-12-30,Flipkart,Shopping,2054,Debit
2023-05-17,Zomato,Food,2101,Debit
2024-10-22,Google Drive,Cloud,260,Debit
2023-06-09,Zomato,Food,1441,Debit
2024-03-26,Hotstar,Entertainment,399,Debit
2023-01-15,Zomato,Food,1035,Debit
2024-11-22,Amazon,Shopping,2158,Debit
2023-07-30,Flipkart,Shopping,1769,Debit
2024-10-28,Uber,Transport,1773,Debit
2023-06-04,Swiggy,Food,508,Debit
2023-03-28,Starbucks,Food,1469,Debit
2024-11-01,Uber,Transport,1627,Debit
2023-04-01,Electricity Bill,Utilities,3427,Debit
2023-02-12,Flipkart,Shopping,1495,Debit
2023-03-13,Zomato,Food,539,Debit
2023-11-24,Amazon,Shopping,1108,Debit
2023-04-14,Starbucks,Food,301,Debit
2023-02-18,Swiggy,Food,1446,Debit
2023-10-31,Ola,Transport,917,Debit
2024-10-17,Starbucks,Food,305,Debit
2023-04-12,Uber,Transport,778,Debit
2023-06-12,Swiggy,Food,1211,Debit
2024-09-13,Zomato,Food,1058,Debit
2024-02-25,Internet Bill,Utilities,1535,Debit
2023-08-06,Flipkart,Shopping,1125,Debit
2024-12-21,Spotify,Music,199,Debit
2024-12-23,Starbucks,Food,765,Debit
2024-01-26,Salary,Income,42000,Credit
2024-11-11,Zomato,Food,606,Debit
2024-04-30,Uber,Transport,488,Debit
2024-07-10,Flipkart,Shopping,650,Debit
2024-07-11,Ola,Transport,268,Debit
2023-03-01,Flipkart,Shopping,1060,Debit
2024-07-06,Starbucks,Food,955,Debit
2024-10-21,Ola,Transport,2036,Debit
2024-07-26,Flipkart,Shopping,569,Debit
2024-06-02,Zomato,Food,1989,Debit
2024-08-30,Zomato,Food,1995,Debit
2024-12-18,Starbucks,Food,512,Debit
2024-01-29,Amazon,Shopping,1586,Debit
2024-11-10,Zomato,Food,1890,Debit
2023-06-23,Zomato,Food,839,Debit
2023-10-15,Swiggy,Food,1953,Debit
2024-07-24,Spotify,Music,199,Debit
2024-07-03,Starbucks,Food,768,Debit
2024-01-01,Amazon,Shopping,1148,Debit
2024-01-07,Amazon,Shopping,2029,Debit
2023-05-18,Zomato,Food,1332,Debit
2023-03-20,Starbucks,Food,1708,Debit
2024-10-05,Uber,Transport,388,Debit
2023-10-07,Flipkart,Shopping,724,Debit
2023-11-27,Electricity Bill,Utilities,3693,Debit
2024-04-30,Flipkart,Shopping,1474,Debit
2024-04-23,Uber,Transport,1146,Debit
2024-10-22,Electricity Bill,Utilities,3679,Debit
2023-08-21,Uber,Transport,572,Debit
2023-04-04,Starbucks,Food,1219,Debit
2024-09-29,Starbucks,Food,1538,Debit
2023-05-31,Apple Music,Music,199,Debit
2024-10-08,Uber,Transport,913,Debit
2024-09-04,Amazon,Shopping,1986,Debit
2024-11-22,Uber,Transport,377,Debit
2024-11-18,Starbucks,Food,1955,Debit
2023-06-12,Uber,Transport,1262,Debit
2024-11-15,Swiggy,Food,997,Debit
2023-07-22,Zomato,Food,679,Debit
2024-10-31,Zomato,Food,1563,Debit
2024-03-17,Swiggy,Food,1174,Debit
2023-01-23,Flipkart,Shopping,885,Debit
2023-01-20,Zomato,Food,1027,Debit
2023-09-28,Mobile Recharge,Utilities,972,Debit
2024-01-04,Zomato,Food,1647,Debit
2024-08-05,Amazon,Shopping,1264,Debit
2023-01-31,Spotify,Music,199,Debit
2024-05-01,Amazon,Shopping,1208,Debit
2024-08-02,Swiggy,Food,1279,Debit
2023-05-25,Zomato,Food,1877,Debit
2024-01-01,Starbucks,Food,1284,Debit
2024-01-19,Flipkart,Shopping,1811,Debit
2023-01-29,Zomato,Food,2096,Debit
2024-03-22,Flipkart,Shopping,483,Debit
2024-08-26,Swiggy,Food,2058,Debit
2023-11-25,Ola,Transport,1346,Debit
2023-08-01,Swiggy,Food,1868,Debit
2023-03-19,Flipkart,Shopping,2102,Debit
2024-10-09,Amazon,Shopping,2101,Debit
2024-08-09,Flipkart,Shopping,1241,Debit
2024-01-23,Amazon,Shopping,2113,Debit
2023-09-09,Starbucks,Food,448,Debit
2023-03-02,Netflix,Entertainment,649,Debit
2023-12-15,Zomato,Food,855,Debit
2023-11-30,Ola,Transport,401,Debit
2023-03-04,Amazon,Shopping,1502,Debit
2023-04-06,Starbucks,Food,555,Debit
2023-10-19,Amazon,Shopping,1351,Debit
2023-10-08,Zomato,Food,1596,Debit
2023-10-21,Flipkart,Shopping,919,Debit
2024-04-11,Ola,Transport,1857,Debit
2023-12-03,Starbucks,Food,1111,Debit
2024-12-17,Starbucks,Food,1471,Debit
2024-06-23,Flipkart,Shopping,376,Debit
2024-02-19,Starbucks,Food,1064,Debit
2023-09-29,Starbucks,Food,1034,Debit
2023-07-04,Ola,Transport,1017,Debit
2023-05-13,Flipkart,Shopping,1936,Debit
2023-10-03,Amazon,Shopping,1628,Debit
2024-05-25,Personal Loan EMI,EMI,8700,Debit
2024-10-09,Zomato,Food,373,Debit
2024-01-20,Swiggy,Food,548,Debit
2023-01-17,Amazon,Shopping,1342,Debit
2023-11-08,Zomato,Food,967,Debit
2023-05-31,Personal Loan EMI,EMI,8700,Debit
2024-04-05,Flipkart,Shopping,903,Debit
2024-09-28,Flipkart,Shopping,2121,Debit
2023-06-30,Netflix,Entertainment,649,Debit
2023-05-31,Flipkart,Shopping,864,Debit
2024-11-04,Amazon,Shopping,545,Debit
2024-08-03,Ola,Transport,833,Debit
2024-08-10,Uber,Transport,1570,Debit
2023-01-02,Swiggy,Food,542,Debit
2024-09-21,Uber,Transport,2038,Debit
2024-07-08,Starbucks,Food,1203,Debit
2023-12-01,Flipkart,Shopping,1917,Debit
2023-05-01,Google Drive,Cloud,260,Debit
2024-04-08,Swiggy,Food,1308,Debit
2023-05-13,Ola,Transport,925,Debit
2024-08-04,Ola,Transport,2098,Debit
2023-04-25,Swiggy,Food,786,Debit
2023-01-25,Amazon,Shopping,1397,Debit
2023-06-01,Zomato,Food,498,Debit
2023-06-30,Amazon Prime,Shopping,299,Debit
2024-02-25,Flipkart,Shopping,1871,Debit
2024-01-27,Swiggy,Food,1319,Debit
2023-10-27,Starbucks,Food,1621,Debit
2024-04-01,Zomato,Food,1827,Debit
2024-06-18,Flipkart,Shopping,806,Debit
2023-05-07,Uber,Transport,256,Debit
2023-08-17,Flipkart,Shopping,1546,Debit
2023-01-26,Ola,Transport,879,Debit
2024-01-27,Zomato,Food,791,Debit
2023-05-31,Google Drive,Cloud,260,Debit
2024-01-09,Amazon,Shopping,1323,Debit
2024-05-05,Zomato,Food,254,Debit
2024-07-12,Swiggy,Food,786,Debit
2024-08-05,Amazon,Shopping,1880,Debit
2023-06-26,Zomato,Food,1511,Debit
2024-08-25,Flipkart,Shopping,750,Debit
2023-04-15,Amazon,Shopping,935,Debit
2024-08-26,Ola,Transport,1711,Debit
2024-12-13,Ola,Transport,1839,Debit
2023-10-07,Starbucks,Food,1441,Debit
2023-08-22,Flipkart,Shopping,1929,Debit
2023-08-25,Amazon,Shopping,319,Debit
2023-07-23,Uber,Transport,1901,Debit
2024-03-12,Ola,Transport,1602,Debit
2024-04-03,Ola,Transport,1962,Debit
2023-08-03,Ola,Transport,340,Debit
2023-04-17,Ola,Transport,1886,Debit
2023-12-15,Uber,Transport,1992,Debit
2023-11-26,Ola,Transport,1569,Debit
2024-09-13,Zomato,Food,814,Debit
2023-07-15,Flipkart,Shopping,2027,Debit
2024-04-29,Amazon,Shopping,1406,Debit
2023-10-28,Gym Membership,Fitness,1800,Debit
2024-02-04,Ola,Transport,663,Debit
2023-05-12,Zomato,Food,1665,Debit
2024-05-25,Netflix,Entertainment,649,Debit
2023-08-21,Ola,Transport,1442,Debit
2024-12-26,Starbucks,Food,1673,Debit
2024-02-25,Uber,Transport,1141,Debit
2024-10-18,Zomato,Food,779,Debit
2024-08-17,Amazon,Shopping,1271,Debit
2024-07-01,Zomato,Food,1066,Debit
2024-08-23,Credit Card EMI,EMI,5200,Debit
2024-11-29,Zomato,Food,1492,Debit
2024-03-09,Swiggy,Food,780,Debit
2023-12-22,Uber,Transport,702,Debit
2024-07-30,Starbucks,Food,598,Debit
2023-08-26,Amazon,Shopping,926,Debit
2024-04-07,Uber,Transport,1263,Debit
2023-07-30,Internet Bill,Utilities,1541,Debit
2024-05-29,Ola,Transport,1426,Debit
2023-09-14,Swiggy,Food,1481,Debit
2023-04-12,Swiggy,Food,550,Debit
2024-12-21,Hotstar,Entertainment,399,Debit
2023-07-01,Starbucks,Food,2014,Debit
2023-11-09,Zomato,Food,1776,Debit
2024-12-22,Zomato,Food,2104,Debit
2024-01-03,Ola,Transport,1152,Debit
2024-11-15,Ola,Transport,966,Debit
2024-05-06,Starbucks,Food,2010,Debit
2024-01-13,Amazon,Shopping,1420,Debit
2024-12-26,Zomato,Food,423,Debit
2023-09-20,Zomato,Food,1709,Debit
2023-12-11,Ola,Transport,959,Debit
2023-11-04,Zomato,Food,1648,Debit
2024-03-06,Amazon,Shopping,614,Debit
2023-09-22,Swiggy,Food,1132,Debit
2024-07-30,Uber,Transport,1029,Debit
2024-10-23,Zomato,Food,664,Debit
2024-09-03,Swiggy,Food,415,Debit
2023-02-16,Ola,Transport,1877,Debit
2024-06-14,Ola,Transport,689,Debit
2024-04-29,Uber,Transport,1785,Debit
2023-02-07,Uber,Transport,1837,Debit
2024-01-26,Personal Loan EMI,EMI,8700,Debit
2024-11-09,Zomato,Food,521,Debit
2023-06-06,Swiggy,Food,1820,Debit
2023-03-09,Swiggy,Food,2181,Debit
2024-05-16,Ola,Transport,595,Debit
2023-08-31,Flipkart,Shopping,2010,Debit
2023-07-08,Amazon,Shopping,476,Debit
2023-08-24,Zomato,Food,1625,Debit
2023-06-22,Zomato,Food,317,Debit
2024-02-25,Electricity Bill,Utilities,3601,Debit
2023-04-10,Swiggy,Food,421,Debit
2023-09-16,Uber,Transport,1162,Debit
2024-10-22,Mobile Recharge,Utilities,956,Debit
2024-06-13,Amazon,Shopping,1317,Debit
2024-02-26,Uber,Transport,1711,Debit
2023-01-02,Swiggy,Food,1030,Debit
2023-12-13,Starbucks,Food,1565,Debit
2024-07-01,Uber,Transport,1471,Debit
2023-10-05,Flipkart,Shopping,1193,Debit
2024-06-02,Amazon,Shopping,1721,Debit
2024-03-21,Swiggy,Food,367,Debit
2023-05-29,Uber,Transport,595,Debit
2024-03-20,Flipkart,Shopping,614,Debit
2023-07-30,Flipkart,Shopping,2046,Debit
2024-02-01,Flipkart,Shopping,2180,Debit
2023-05-31,Internet Bill,Utilities,1521,Debit
2023-08-01,Uber,Transport,1637,Debit
2023-05-21,Flipkart,Shopping,538,Debit
2024-10-23,Zomato,Food,1526,Debit
2024-06-17,Starbucks,Food,838,Debit
2024-10-05,Amazon,Shopping,904,Debit
2024-05-04,Starbucks,Food,669,Debit
2023-06-13,Amazon,Shopping,1707,Debit
2023-09-21,Swiggy,Food,1446,Debit
2024-02-08,Uber,Transport,1082,Debit
2024-07-17,Flipkart,Shopping,1151,Debit
2023-01-19,Ola,Transport,1517,Debit
2023-02-14,Zomato,Food,1763,Debit
2023-01-05,Ola,Transport,1721,Debit
2024-05-13,Uber,Transport,845,Debit
2024-06-15,Uber,Transport,1435,Debit
2024-11-22,Amazon,Shopping,1801,Debit
2023-01-22,Starbucks,Food,1594,Debit
2023-06-01,Flipkart,Shopping,1200,Debit
2024-04-25,Internet Bill,Utilities,1273,Debit
2024-01-10,Flipkart,Shopping,1383,Debit
2024-05-04,Uber,Transport,2094,Debit
2023-09-30,Flipkart,Shopping,534,Debit
2023-10-07,Zomato,Food,1654,Debit
2023-07-25,Zomato,Food,2144,Debit
2024-06-07,Swiggy,Food,691,Debit
2024-08-04,Uber,Transport,1413,Debit
2024-10-22,Gym Membership,Fitness,1800,Debit
2024-09-04,Uber,Transport,1204,Debit
2024-06-05,Ola,Transport,1987,Debit
2023-03-02,Starbucks,Food,1140,Debit
2023-06-30,Online Course,Education,2499,Debit
2023-03-22,Starbucks,Food,2044,Debit
2024-06-15,Flipkart,Shopping,1476,Debit
2024-05-14,Starbucks,Food,520,Debit
2024-11-30,Zomato,Food,805,Debit
2024-10-24,Amazon,Shopping,972,Debit
2024-08-18,Starbucks,Food,1168,Debit
2023-11-22,Flipkart,Shopping,1011,Debit
2024-10-09,Zomato,Food,1168,Debit
2024-06-03,Swiggy,Food,660,Debit
2024-12-26,Amazon,Shopping,343,Debit
2023-02-15,Zomato,Food,1021,Debit
2023-01-23,Flipkart,Shopping,1339,Debit
2023-11-21,Zomato,Food,475,Debit
2024-09-22,Netflix,Entertainment,649,Debit
2023-10-12,Zomato,Food,1337,Debit
2024-01-26,Online Course,Education,2499,Debit
2023-11-28,Swiggy,Food,334,Debit
2023-12-10,Amazon,Shopping,1361,Debit
2024-06-07,Zomato,Food,688,Debit
2024-08-12,Swiggy,Food,1503,Debit
2024-07-11,Flipkart,Shopping,532,Debit
2023-01-11,Amazon,Shopping,1916,Debit
2024-12-29,Starbucks,Food,2070,Debit
2024-09-22,Spotify,Music,199,Debit
2024-04-30,Flipkart,Shopping,1315,Debit
2024-04-25,Salary,Income,42000,Credit
2024-06-24,Hotstar,Entertainment,399,Debit
2024-04-06,Amazon,Shopping,2095,Debit
2024-01-11,Uber,Transport,682,Debit
2024-11-09,Zomato,Food,455,Debit
2024-02-20,Uber,Transport,726,Debit
2024-03-13,Flipkart,Shopping,2145,Debit
2023-03-15,Ola,Transport,401,Debit
2023-10-18,Zomato,Food,1259,Debit
2023-09-14,Ola,Transport,1538,Debit
2024-07-20,Flipkart,Shopping,1402,Debit
2024-01-01,Ola,Transport,932,Debit
2023-04-30,Starbucks,Food,871,Debit
2023-08-15,Zomato,Food,710,Debit
2023-03-19,Amazon,Shopping,1117,Debit
2023-04-10,Flipkart,Shopping,1874,Debit
2024-12-25,Ola,Transport,1978,Debit
2024-04-25,Mobile Recharge,Utilities,882,Debit
2024-11-16,Zomato,Food,1729,Debit
2023-04-04,Amazon,Shopping,513,Debit
2024-07-28,Uber,Transport,1619,Debit
2024-02-06,Starbucks,Food,1967,Debit
2023-10-08,Zomato,Food,1385,Debit
2024-07-30,Starbucks,Food,905,Debit
2023-09-08,Starbucks,Food,553,Debit
2023-07-30,Salary,Income,42000,Credit
2023-12-05,Swiggy,Food,894,Debit
2024-11-11,Swiggy,Food,1712,Debit
2023-04-23,Swiggy,Food,609,Debit
2023-11-29,Starbucks,Food,1681,Debit
2023-08-01,Swiggy,Food,1567,Debit
2024-11-28,Amazon,Shopping,1692,Debit
2023-03-08,Flipkart,Shopping,934,Debit
2024-02-18,Ola,Transport,1791,Debit
2023-10-21,Uber,Transport,1036,Debit
2024-07-07,Starbucks,Food,1447,Debit
2024-06-04,Amazon,Shopping,1182,Debit
2023-04-16,Uber,Transport,2119,Debit
2023-10-05,Zomato,Food,359,Debit
2024-07-23,Ola,Transport,2013,Debit
2024-05-23,Swiggy,Food,979,Debit
2023-10-28,Spotify,Music,199,Debit
2023-11-08,Amazon,Shopping,1967,Debit
2024-08-14,Ola,Transport,1701,Debit
2024-08-11,Starbucks,Food,2044,Debit
2023-11-22,Swiggy,Food,1979,Debit
2023-10-01,Ola,Transport,1609,Debit
2023-01-31,Amazon Prime,Shopping,299,Debit
2024-11-05,Zomato,Food,2040,Debit
2023-09-08,Starbucks,Food,2067,Debit
2024-01-03,Swiggy,Food,1253,Debit
2024-08-03,Starbucks,Food,889,Debit
2023-09-09,Flipkart,Shopping,422,Debit
2024-08-01,Uber,Transport,827,Debit
2024-03-26,Credit Card EMI,EMI,5200,Debit
2024-07-04,Starbucks,Food,461,Debit
2023-06-08,Ola,Transport,1001,Debit
2023-02-28,Swiggy,Food,2052,Debit
2024-06-29,Swiggy,Food,1732,Debit
2023-09-03,Swiggy,Food,1876,Debit
2024-10-10,Flipkart,Shopping,1162,Debit
2023-03-02,Gym Membership,Fitness,1800,Debit
2023-01-11,Ola,Transport,1913,Debit
2023-08-16,Uber,Transport,1968,Debit
2024-11-28,Flipkart,Shopping,2175,Debit
2023-09-13,Uber,Transport,1360,Debit
2023-12-27,Google Drive,Cloud,260,Debit
2023-11-15,Amazon,Shopping,997,Debit
2024-06-20,Uber,Transport,575,Debit
2023-03-17,Swiggy,Food,1138,Debit
2023-01-22,Ola,Transport,1696,Debit
2023-08-23,Zomato,Food,2013,Debit
2024-06-05,Amazon,Shopping,293,Debit
2024-02-01,Amazon,Shopping,343,Debit
2023-11-25,Swiggy,Food,813,Debit
2024-04-19,Ola,Transport,1959,Debit
2023-09-21,Ola,Transport,256,Debit
2023-10-05,Swiggy,Food,1401,Debit
2023-11-15,Zomato,Food,1565,Debit
2023-12-27,Flipkart,Shopping,1008,Debit
2023-05-31,Gym Membership,Fitness,1800,Debit
2024-04-25,Credit Card EMI,EMI,5200,Debit
2023-04-18,Uber,Transport,1225,Debit
2023-04-19,Zomato,Food,1143,Debit
2024-08-18,Zomato,Food,398,Debit
2024-12-02,Uber,Transport,2173,Debit
2024-11-07,Swiggy,Food,1173,Debit
2024-01-24,Starbucks,Food,759,Debit
2023-07-14,Uber,Transport,1432,Debit
2023-12-10,Zomato,Food,1681,Debit
2023-10-17,Amazon,Shopping,635,Debit
2024-03-19,Ola,Transport,1204,Debit
2023-07-31,Swiggy,Food,1504,Debit
2024-03-31,Starbucks,Food,1745,Debit
2024-06-24,Credit Card EMI,EMI,5200,Debit
2024-11-07,Amazon,Shopping,1555,Debit
2023-08-04,Ola,Transport,1725,Debit
2023-09-29,Amazon,Shopping,1832,Debit
2024-04-14,Amazon,Shopping,898,Debit
2023-03-11,Swiggy,Food,1432,Debit
2024-06-11,Ola,Transport,754,Debit
2023-05-11,Ola,Transport,1270,Debit
2024-02-25,Credit Card EMI,EMI,5200,Debit
2024-01-10,Swiggy,Food,2175,Debit
2023-09-22,Uber,Transport,1009,Debit
2024-06-01,Ola,Transport,676,Debit
2024-09-21,Starbucks,Food,1049,Debit
2023-12-08,Ola,Transport,787,Debit
2023-04-02,Uber,Transport,574,Debit
2023-06-26,Starbucks,Food,1252,Debit
2023-02-06,Ola,Transport,1149,Debit
2023-09-18,Zomato,Food,1440,Debit
2023-05-22,Flipkart,Shopping,1618,Debit
2024-04-17,Zomato,Food,1843,Debit
2023-05-14,Amazon,Shopping,1635,Debit
2024-05-23,Ola,Transport,1614,Debit
2024-05-03,Ola,Transport,1618,Debit
2023-08-22,Starbucks,Food,1198,Debit
2024-03-12,Swiggy,Food,403,Debit
2023-08-24,Starbucks,Food,1420,Debit
2023-12-04,Flipkart,Shopping,2098,Debit
2024-12-19,Ola,Transport,656,Debit
2024-09-20,Uber,Transport,399,Debit
2023-06-08,Amazon,Shopping,971,Debit
2023-02-24,Ola,Transport,716,Debit
2024-10-15,Zomato,Food,718,Debit
2023-11-11,Zomato,Food,1688,Debit
2024-08-03,Uber,Transport,1204,Debit
2023-02-25,Swiggy,Food,684,Debit
2024-11-21,Netflix,Entertainment,649,Debit
2024-09-22,Mobile Recharge,Utilities,789,Debit
2023-06-08,Starbucks,Food,749,Debit
2024-10-12,Zomato,Food,673,Debit
2024-09-10,Starbucks,Food,1002,Debit
2024-11-01,Amazon,Shopping,1416,Debit
2024-04-26,Amazon,Shopping,1735,Debit
2023-02-20,Starbucks,Food,503,Debit
2024-01-19,Ola,Transport,828,Debit
2024-11-18,Flipkart,Shopping,940,Debit
2024-05-28,Flipkart,Shopping,1886,Debit
2023-08-03,Starbucks,Food,697,Debit
2023-11-06,Swiggy,Food,1056,Debit
2024-03-26,Netflix,Entertainment,649,Debit
2023-04-15,Starbucks,Food,1232,Debit
2024-09-22,Electricity Bill,Utilities,3063,Debit
2023-01-30,Flipkart,Shopping,1714,Debit
2023-09-20,Zomato,Food,621,Debit
2023-03-25,Ola,Transport,907,Debit
2024-11-17,Zomato,Food,788,Debit
2024-09-22,Amazon,Shopping,2162,Debit
2023-07-19,Zomato,Food,1624,Debit
2023-06-21,Ola,Transport,2043,Debit
2024-01-09,Ola,Transport,1776,Debit
2023-04-01,Ola,Transport,1107,Debit
2023-11-01,Swiggy,Food,2176,Debit
2024-01-11,Starbucks,Food,737,Debit
2024-01-02,Uber,Transport,1993,Debit
2023-10-04,Ola,Transport,1974,Debit
2024-05-18,Flipkart,Shopping,1944,Debit
2023-06-28,Zomato,Food,2070,Debit
2023-07-27,Ola,Transport,1300,Debit
2024-11-24,Zomato,Food,1005,Debit
2024-03-11,Zomato,Food,1198,Debit
2023-04-24,Ola,Transport,1364,Debit
2023-08-29,Uber,Transport,542,Debit
2024-02-17,Ola,Transport,1654,Debit
2023-04-27,Flipkart,Shopping,1610,Debit
2024-08-23,Apple Music,Music,199,Debit
2023-10-30,Uber,Transport,407,Debit
2023-12-29,Zomato,Food,360,Debit
2023-01-18,Flipkart,Shopping,576,Debit
2023-11-30,Swiggy,Food,686,Debit
2023-03-14,Ola,Transport,2013,Debit
2023-07-14,Starbucks,Food,1312,Debit
2024-08-30,Uber,Transport,1571,Debit
2024-09-29,Flipkart,Shopping,1586,Debit
2023-01-01,Swiggy,Food,600,Debit
2024-10-14,Ola,Transport,1174,Debit
2024-10-25,Zomato,Food,657,Debit
2023-04-14,Ola,Transport,696,Debit
2023-11-24,Uber,Transport,1102,Debit
2024-04-11,Zomato,Food,1234,Debit
2023-07-30,Apple Music,Music,199,Debit
2024-09-19,Ola,Transport,2074,Debit
2024-05-03,Amazon,Shopping,1445,Debit
2024-01-26,Uber,Transport,323,Debit
2024-10-01,Starbucks,Food,2025,Debit
2023-12-20,Swiggy,Food,1111,Debit
2023-05-01,Amazon,Shopping,1583,Debit
2023-09-30,Uber,Transport,1561,Debit
2023-11-14,Zomato,Food,362,Debit
2024-01-22,Uber,Transport,1700,Debit
2023-03-06,Zomato,Food,1584,Debit
2023-10-20,Swiggy,Food,250,Debit
2024-08-15,Starbucks,Food,1530,Debit
2024-11-04,Swiggy,Food,812,Debit
2023-01-19,Amazon,Shopping,1639,Debit
2024-12-10,Uber,Transport,1335,Debit
2023-08-17,Uber,Transport,380,Debit
2023-03-18,Swiggy,Food,1666,Debit
2023-01-24,Flipkart,Shopping,1857,Debit
2024-01-05,Amazon,Shopping,2057,Debit
2024-12-09,Starbucks,Food,1407,Debit
2023-09-26,Amazon,Shopping,623,Debit
2024-01-26,Mobile Recharge,Utilities,800,Debit
2023-07-27,Flipkart,Shopping,434,Debit
2023-05-04,Starbucks,Food,1399,Debit
2023-12-06,Flipkart,Shopping,913,Debit
2024-12-17,Flipkart,Shopping,460,Debit
2024-01-15,Amazon,Shopping,1463,Debit
2024-02-25,Netflix,Entertainment,649,Debit
2024-01-25,Amazon,Shopping,1862,Debit
2024-07-02,Zomato,Food,435,Debit
2023-03-01,Uber,Transport,322,Debit
2023-06-21,Uber,Transport,1436,Debit
2023-05-08,Zomato,Food,2013,Debit
2023-07-01,Swiggy,Food,394,Debit
2023-04-19,Starbucks,Food,562,Debit
2023-07-07,Uber,Transport,660,Debit
2024-01-27,Flipkart,Shopping,682,Debit
2023-09-05,Ola,Transport,1726,Debit
2023-02-25,Flipkart,Shopping,1082,Debit
2023-04-13,Zomato,Food,1942,Debit
2023-12-01,Ola,Transport,1743,Debit
2023-04-25,Uber,Transport,451,Debit
2023-11-28,Flipkart,Shopping,2072,Debit
2024-07-16,Uber,Transport,276,Debit
2023-02-06,Starbucks,Food,574,Debit
2023-09-17,Flipkart,Shopping,347,Debit
2023-08-12,Flipkart,Shopping,1638,Debit
2024-08-19,Swiggy,Food,1501,Debit
2024-06-10,Amazon,Shopping,1624,Debit
2024-05-09,Swiggy,Food,830,Debit
2023-12-09,Amazon,Shopping,1440,Debit
2023-08-20,Starbucks,Food,500,Debit
2024-05-29,Amazon,Shopping,986,Debit
2024-10-22,Zomato,Food,959,Debit
2024-03-03,Uber,Transport,331,Debit
2023-01-01,Amazon,Shopping,1650,Debit
2023-12-03,Starbucks,Food,2096,Debit
2023-07-31,Starbucks,Food,750,Debit
2024-06-22,Amazon,Shopping,1708,Debit
2024-06-29,Amazon,Shopping,550,Debit
2023-07-20,Swiggy,Food,1479,Debit
2024-07-30,Ola,Transport,1110,Debit
2024-07-16,Amazon,Shopping,1595,Debit
2023-01-20,Starbucks,Food,1672,Debit
2023-06-03,Flipkart,Shopping,1129,Debit
2023-09-28,Spotify,Music,199,Debit
2024-06-01,Starbucks,Food,1735,Debit
2024-08-23,Electricity Bill,Utilities,2608,Debit
2023-08-29,Mobile Recharge,Utilities,884,Debit
2024-10-22,Swiggy,Food,802,Debit
2024-06-11,Swiggy,Food,380,Debit
2024-05-28,Ola,Transport,2079,Debit
2023-09-01,Flipkart,Shopping,1273,Debit
2024-04-25,Google Drive,Cloud,260,Debit
2024-06-17,Swiggy,Food,1939,Debit
2024-11-05,Zomato,Food,663,Debit
2023-03-12,Starbucks,Food,1337,Debit
2024-04-25,Hotstar,Entertainment,399,Debit
2023-04-09,Ola,Transport,1752,Debit
2023-03-10,Starbucks,Food,629,Debit
2023-06-02,Starbucks,Food,1946,Debit
2024-12-13,Uber,Transport,962,Debit
2024-10-18,Swiggy,Food,853,Debit
2023-03-14,Amazon,Shopping,286,Debit
2023-02-11,Ola,Transport,530,Debit
2023-10-17,Flipkart,Shopping,1803,Debit
2024-10-22,Hotstar,Entertainment,399,Debit
2023-07-19,Starbucks,Food,1038,Debit
2023-12-26,Ola,Transport,1799,Debit
2024-04-29,Amazon,Shopping,1515,Debit
2024-06-09,Zomato,Food,1180,Debit
2023-02-21,Flipkart,Shopping,1649,Debit
2024-01-10,Flipkart,Shopping,608,Debit
2023-12-24,Ola,Transport,1520,Debit
2024-11-09,Swiggy,Food,779,Debit
2023-07-10,Zomato,Food,516,Debit
2024-07-15,Uber,Transport,690,Debit
2024-05-06,Flipkart,Shopping,523,Debit
2023-02-11,Swiggy,Food,317,Debit
2023-10-23,Swiggy,Food,1066,Debit
2024-10-30,Swiggy,Food,1032,Debit
2023-01-19,Uber,Transport,1713,Debit
2024-09-03,Flipkart,Shopping,1679,Debit
2024-02-07,Amazon,Shopping,1156,Debit
2024-04-10,Zomato,Food,971,Debit
2024-02-10,Zomato,Food,1710,Debit
2024-11-06,Ola,Transport,1899,Debit
2024-02-29,Starbucks,Food,438,Debit
2023-09-12,Ola,Transport,1130,Debit
2024-06-28,Ola,Transport,728,Debit
2024-05-31,Flipkart,Shopping,1264,Debit
2024-09-22,Google Drive,Cloud,260,Debit
2024-08-16,Zomato,Food,1565,Debit
2024-08-09,Zomato,Food,1481,Debit
2023-01-01,Salary,Income,42000,Credit
2024-07-20,Zomato,Food,2074,Debit
2023-04-24,Amazon,Shopping,1128,Debit
2023-10-06,Flipkart,Shopping,1362,Debit
2024-12-14,Ola,Transport,916,Debit
2024-06-18,Swiggy,Food,567,Debit
2023-10-08,Swiggy,Food,1193,Debit
2024-03-14,Zomato,Food,290,Debit
2024-07-09,Zomato,Food,1235,Debit
2024-07-07,Amazon,Shopping,1712,Debit
2023-11-06,Uber,Transport,914,Debit
2024-08-09,Swiggy,Food,1203,Debit
2024-12-06,Flipkart,Shopping,1095,Debit
2024-04-12,Amazon,Shopping,1670,Debit
2024-08-12,Uber,Transport,1307,Debit
2024-09-13,Amazon,Shopping,526,Debit
2024-08-11,Uber,Transport,1440,Debit
2023-04-28,Uber,Transport,2066,Debit
2023-12-12,Zomato,Food,360,Debit
2024-11-23,Uber,Transport,1251,Debit
2024-03-03,Amazon,Shopping,606,Debit
2024-06-24,Flipkart,Shopping,536,Debit
2023-01-13,Starbucks,Food,1998,Debit
2024-03-30,Amazon,Shopping,577,Debit
2023-05-21,Uber,Transport,1543,Debit
2023-09-08,Uber,Transport,2168,Debit
2023-08-04,Swiggy,Food,611,Debit
2023-09-01,Uber,Transport,2153,Debit
2024-05-24,Flipkart,Shopping,1003,Debit
2023-02-02,Swiggy,Food,1338,Debit
2024-04-18,Starbucks,Food,509,Debit
2024-10-07,Flipkart,Shopping,2039,Debit
2024-12-21,Internet Bill,Utilities,1340,Debit
2023-01-12,Swiggy,Food,2140,Debit
2024-07-11,Flipkart,Shopping,1132,Debit
2023-07-30,Gym Membership,Fitness,1800,Debit
2023-05-16,Ola,Transport,312,Debit
2024-12-22,Flipkart,Shopping,1374,Debit
2024-12-15,Starbucks,Food,1591,Debit
2024-05-25,Swiggy,Food,1888,Debit
2023-05-25,Uber,Transport,1804,Debit
2024-04-14,Amazon,Shopping,1471,Debit
2024-12-04,Swiggy,Food,910,Debit
2024-06-23,Zomato,Food,1743,Debit
2024-08-23,Ola,Transport,1723,Debit
2023-07-04,Zomato,Food,1161,Debit
2024-08-27,Zomato,Food,414,Debit
2024-08-17,Swiggy,Food,837,Debit
2023-01-31,Personal Loan EMI,EMI,8700,Debit
2024-06-19,Ola,Transport,378,Debit
2024-01-06,Zomato,Food,1945,Debit
2024-04-05,Zomato,Food,1650,Debit
2024-09-11,Flipkart,Shopping,1268,Debit
2023-06-02,Amazon,Shopping,1142,Debit
2024-05-01,Flipkart,Shopping,1616,Debit
2023-08-24,Uber,Transport,1021,Debit
2023-05-20,Flipkart,Shopping,1199,Debit
2023-06-03,Zomato,Food,2047,Debit
2023-10-01,Flipkart,Shopping,1106,Debit
2024-12-21,Netflix,Entertainment,649,Debit
2024-04-24,Zomato,Food,1478,Debit
2024-01-18,Uber,Transport,2162,Debit
2023-06-29,Uber,Transport,697,Debit
2023-11-27,Mobile Recharge,Utilities,935,Debit
2023-05-23,Zomato,Food,1274,Debit
2024-04-14,Swiggy,Food,1773,Debit
2024-03-25,Starbucks,Food,1971,Debit
2023-02-07,Amazon,Shopping,720,Debit
2024-02-06,Starbucks,Food,1049,Debit
2023-01-31,Netflix,Entertainment,649,Debit
2024-10-22,Starbucks,Food,799,Debit
2024-12-31,Amazon,Shopping,1730,Debit
2024-12-10,Starbucks,Food,1905,Debit
2023-08-11,Amazon,Shopping,968,Debit
2024-01-26,Ola,Transport,779,Debit
2024-12-20,Amazon,Shopping,955,Debit
2024-09-10,Starbucks,Food,1037,Debit
2023-11-22,Swiggy,Food,428,Debit
2024-11-08,Uber,Transport,787,Debit
2024-11-10,Starbucks,Food,636,Debit
2024-09-18,Amazon,Shopping,2082,Debit
2024-10-24,Ola,Transport,408,Debit
2024-05-27,Uber,Transport,747,Debit
2023-12-08,Swiggy,Food,328,Debit
2024-12-04,Amazon,Shopping,1381,Debit
2023-03-22,Starbucks,Food,1522,Debit
2024-12-21,Mobile Recharge,Utilities,717,Debit
2023-11-29,Flipkart,Shopping,640,Debit
2023-04-22,Starbucks,Food,317,Debit
2023-02-10,Uber,Transport,1638,Debit
2023-02-24,Uber,Transport,2095,Debit
2023-07-14,Amazon,Shopping,516,Debit
2024-01-16,Zomato,Food,2094,Debit
2024-02-27,Swiggy,Food,332,Debit
2024-02-02,Zomato,Food,346,Debit
2023-10-29,Amazon,Shopping,801,Debit
2023-12-09,Amazon,Shopping,490,Debit
2023-12-23,Starbucks,Food,1315,Debit
2024-05-20,Swiggy,Food,1106,Debit
2023-10-28,Credit Card EMI,EMI,5200,Debit
2024-02-28,Swiggy,Food,1586,Debit
2023-06-01,Uber,Transport,1180,Debit
2024-05-07,Flipkart,Shopping,836,Debit
2024-02-14,Ola,Transport,434,Debit
2024-05-19,Swiggy,Food,1872,Debit
2023-08-05,Flipkart,Shopping,427,Debit
2023-08-02,Uber,Transport,832,Debit
2023-03-17,Swiggy,Food,1570,Debit
2023-12-21,Swiggy,Food,1936,Debit
2023-04-25,Starbucks,Food,525,Debit
2024-01-07,Uber,Transport,569,Debit
2023-08-20,Starbucks,Food,1528,Debit
2024-08-23,Online Course,Education,2499,Debit
2023-08-18,Amazon,Shopping,2105,Debit
2023-07-21,Starbucks,Food,521,Debit
2024-12-01,Flipkart,Shopping,1931,Debit
2024-08-02,Uber,Transport,751,Debit
2023-01-09,Zomato,Food,1639,Debit
2024-10-19,Flipkart,Shopping,1428,Debit
2023-02-09,Flipkart,Shopping,605,Debit
2023-07-13,Amazon,Shopping,1639,Debit
2023-04-01,Swiggy,Food,884,Debit
2024-12-24,Ola,Transport,483,Debit
2024-09-28,Zomato,Food,1281,Debit
2024-06-25,Starbucks,Food,1863,Debit
2024-05-07,Starbucks,Food,1551,Debit
2023-11-13,Swiggy,Food,899,Debit
2023-03-29,Flipkart,Shopping,1435,Debit
2023-12-27,Personal Loan EMI,EMI,8700,Debit
2023-04-01,Credit Card EMI,EMI,5200,Debit
2024-12-19,Zomato,Food,840,Debit
2023-06-30,Zomato,Food,455,Debit
2023-08-29,Gym Membership,Fitness,1800,Debit
2024-11-21,Electricity Bill,Utilities,3455,Debit
2024-05-19,Uber,Transport,1433,Debit
2023-10-23,Swiggy,Food,349,Debit
2023-01-04,Ola,Transport,508,Debit
2024-01-08,Flipkart,Shopping,1158,Debit
2024-11-21,Google Drive,Cloud,260,Debit
2023-08-12,Zomato,Food,1255,Debit
2023-02-02,Flipkart,Shopping,281,Debit
2023-07-31,Flipkart,Shopping,2013,Debit
2023-02-01,Amazon,Shopping,1423,Debit
2023-03-11,Starbucks,Food,483,Debit
2023-01-23,Zomato,Food,252,Debit
2023-07-23,Amazon,Shopping,1679,Debit
2024-08-20,Starbucks,Food,1078,Debit
2023-03-17,Flipkart,Shopping,774,Debit
2024-08-07,Uber,Transport,1107,Debit
2023-06-27,Amazon,Shopping,1919,Debit
2023-03-05,Zomato,Food,603,Debit
2023-04-06,Starbucks,Food,1274,Debit
2024-01-26,Electricity Bill,Utilities,3287,Debit
2024-08-13,Ola,Transport,964,Debit
2024-11-27,Uber,Transport,1770,Debit
2023-03-09,Swiggy,Food,895,Debit
2024-04-25,Amazon Prime,Shopping,299,Debit
2024-12-04,Zomato,Food,674,Debit
2023-01-14,Uber,Transport,1724,Debit
2024-07-03,Amazon,Shopping,2153,Debit
2023-03-10,Starbucks,Food,2093,Debit
2024-05-08,Amazon,Shopping,1570,Debit
2024-04-18,Amazon,Shopping,1228,Debit
2024-05-20,Swiggy,Food,342,Debit
2024-09-22,Apple Music,Music,199,Debit
2024-09-26,Flipkart,Shopping,1534,Debit
2024-07-13,Swiggy,Food,1233,Debit
2023-09-28,Zomato,Food,774,Debit
2024-02-22,Flipkart,Shopping,2199,Debit
2024-01-07,Flipkart,Shopping,1207,Debit
2024-08-22,Flipkart,Shopping,1737,Debit
2024-01-10,Starbucks,Food,393,Debit
2023-03-24,Amazon,Shopping,499,Debit
2023-02-22,Ola,Transport,804,Debit
2024-04-30,Flipkart,Shopping,1833,Debit
2024-05-17,Zomato,Food,1438,Debit
2024-08-10,Uber,Transport,605,Debit
2024-12-06,Swiggy,Food,512,Debit
2023-05-20,Swiggy,Food,568,Debit
2024-05-24,Ola,Transport,1160,Debit
2024-09-17,Starbucks,Food,1931,Debit
2024-03-14,Flipkart,Shopping,1824,Debit
2023-11-04,Flipkart,Shopping,655,Debit
2024-07-13,Flipkart,Shopping,2173,Debit
2024-07-29,Starbucks,Food,2103,Debit
2023-07-25,Ola,Transport,309,Debit
2024-01-28,Starbucks,Food,356,Debit
2023-08-11,Amazon,Shopping,1236,Debit
2024-01-09,Amazon,Shopping,1577,Debit
2024-12-02,Swiggy,Food,1148,Debit
2023-05-05,Swiggy,Food,280,Debit
2024-05-25,Internet Bill,Utilities,1142,Debit
2024-04-04,Amazon,Shopping,599,Debit
2024-03-26,Amazon Prime,Shopping,299,Debit
2024-01-10,Ola,Transport,545,Debit
2023-10-19,Amazon,Shopping,490,Debit
2024-04-26,Starbucks,Food,2194,Debit
2024-05-03,Flipkart,Shopping,930,Debit
2023-06-23,Flipkart,Shopping,780,Debit
2024-08-14,Ola,Transport,1822,Debit
2024-04-04,Starbucks,Food,1383,Debit
2023-03-08,Flipkart,Shopping,398,Debit
2023-03-04,Zomato,Food,2105,Debit
2024-07-24,Credit Card EMI,EMI,5200,Debit
2024-11-02,Swiggy,Food,1677,Debit
2024-10-22,Amazon Prime,Shopping,299,Debit
2023-01-13,Amazon,Shopping,1828,Debit
2023-08-05,Swiggy,Food,1031,Debit
2024-03-03,Flipkart,Shopping,1653,Debit
2023-06-13,Swiggy,Food,2199,Debit
2024-11-21,Hotstar,Entertainment,399,Debit
2024-03-13,Swiggy,Food,832,Debit
2023-05-11,Flipkart,Shopping,1055,Debit
2023-10-28,Amazon,Shopping,1222,Debit
2023-08-29,Internet Bill,Utilities,1449,Debit
2024-04-04,Zomato,Food,1893,Debit
2023-03-07,Flipkart,Shopping,714,Debit
2024-03-22,Starbucks,Food,1856,Debit
2024-08-11,Uber,Transport,565,Debit
2024-03-23,Amazon,Shopping,2081,Debit
2024-12-04,Amazon,Shopping,1365,Debit
2024-04-08,Uber,Transport,1770,Debit
2023-12-29,Uber,Transport,1436,Debit
2023-01-01,Google Drive,Cloud,260,Debit
2024-02-29,Swiggy,Food,445,Debit
2023-12-13,Ola,Transport,1370,Debit
2024-05-12,Ola,Transport,1600,Debit
2023-08-07,Ola,Transport,1249,Debit
2024-05-18,Starbucks,Food,1051,Debit
2024-03-26,Online Course,Education,2499,Debit
2024-12-07,Swiggy,Food,1785,Debit
2023-06-21,Uber,Transport,296,Debit
2023-01-29,Starbucks,Food,513,Debit
2024-10-24,Uber,Transport,1759,Debit
2024-03-29,Swiggy,Food,2010,Debit
2024-05-14,Starbucks,Food,505,Debit
2023-01-28,Ola,Transport,1058,Debit
2023-12-27,Mobile Recharge,Utilities,964,Debit
2024-03-26,Spotify,Music,199,Debit
2024-06-25,Flipkart,Shopping,1761,Debit
2023-11-28,Starbucks,Food,1233,Debit
2023-05-19,Starbucks,Food,909,Debit
2024-10-20,Starbucks,Food,1484,Debit
2023-06-14,Uber,Transport,257,Debit
2023-09-07,Amazon,Shopping,325,Debit
2023-04-01,Spotify,Music,199,Debit
2024-06-01,Amazon,Shopping,962,Debit
2023-01-01,Amazon Prime,Shopping,299,Debit
2024-09-29,Starbucks,Food,764,Debit
2023-04-21,Starbucks,Food,1669,Debit
2024-04-20,Zomato,Food,615,Debit
2023-01-13,Amazon,Shopping,721,Debit
2023-10-24,Uber,Transport,2092,Debit
2024-12-31,Starbucks,Food,2049,Debit
2023-02-08,Starbucks,Food,1595,Debit
2024-02-09,Uber,Transport,1440,Debit
2023-02-11,Zomato,Food,1366,Debit
2024-03-20,Starbucks,Food,1349,Debit
2024-08-24,Uber,Transport,1661,Debit
2024-10-12,Ola,Transport,2180,Debit
2023-04-25,Zomato,Food,1843,Debit
2024-05-15,Flipkart,Shopping,1715,Debit
2024-05-25,Apple Music,Music,199,Debit
2024-03-27,Starbucks,Food,1980,Debit
2023-01-31,Amazon,Shopping,1422,Debit
2024-12-09,Amazon,Shopping,1691,Debit
2024-12-21,Google Drive,Cloud,260,Debit
2024-11-25,Ola,Transport,1709,Debit
2023-06-19,Ola,Transport,907,Debit
2024-01-26,Credit Card EMI,EMI,5200,Debit
2023-07-25,Flipkart,Shopping,873,Debit
2023-10-25,Uber,Transport,1297,Debit
2023-03-12,Starbucks,Food,1047,Debit
2023-11-07,Amazon,Shopping,1310,Debit
2024-08-06,Uber,Transport,1800,Debit
2023-09-17,Swiggy,Food,2197,Debit
2024-08-07,Flipkart,Shopping,916,Debit
2024-03-21,Amazon,Shopping,1216,Debit
2024-03-16,Ola,Transport,1600,Debit
2024-02-13,Starbucks,Food,1225,Debit
2023-02-13,Starbucks,Food,1907,Debit
2024-12-21,Amazon Prime,Shopping,299,Debit
2023-07-10,Zomato,Food,1532,Debit
2024-04-01,Uber,Transport,690,Debit
2023-07-21,Ola,Transport,1237,Debit
2024-03-19,Amazon,Shopping,688,Debit
2023-08-26,Swiggy,Food,1218,Debit
2024-10-05,Uber,Transport,965,Debit
2023-04-18,Zomato,Food,1486,Debit
2023-03-23,Zomato,Food,1155,Debit
2023-01-22,Zomato,Food,1086,Debit
2023-12-01,Swiggy,Food,1563,Debit
2023-11-12,Uber,Transport,623,Debit
2023-03-28,Uber,Transport,515,Debit
2023-03-15,Amazon,Shopping,751,Debit
2024-05-25,Online Course,Education,2499,Debit
2024-09-23,Uber,Transport,315,Debit
2023-01-10,Starbucks,Food,693,Debit
2023-05-01,Mobile Recharge,Utilities,984,Debit
2023-02-20,Ola,Transport,398,Debit
2024-08-19,Uber,Transport,1886,Debit
2023-06-16,Flipkart,Shopping,1945,Debit
2024-10-18,Amazon,Shopping,1144,Debit
2024-11-18,Zomato,Food,1393,Debit
2024-04-17,Amazon,Shopping,1087,Debit
2024-09-27,Ola,Transport,687,Debit
2023-05-15,Swiggy,Food,1046,Debit
2023-03-20,Starbucks,Food,1905,Debit
2024-01-28,Amazon,Shopping,1392,Debit
2023-08-29,Google Drive,Cloud,260,Debit
2023-12-26,Zomato,Food,957,Debit
2023-02-26,Flipkart,Shopping,442,Debit
2023-03-23,Flipkart,Shopping,284,Debit
2024-07-01,Ola,Transport,1025,Debit
2024-12-20,Amazon,Shopping,487,Debit
2024-01-16,Swiggy,Food,1270,Debit
2023-12-09,Flipkart,Shopping,1973,Debit
2024-02-28,Zomato,Food,1945,Debit
2023-04-01,Online Course,Education,2499,Debit
2023-07-02,Zomato,Food,429,Debit
2023-12-30,Flipkart,Shopping,1634,Debit
2023-03-02,Hotstar,Entertainment,399,Debit
2023-12-06,Zomato,Food,1727,Debit
2024-01-22,Amazon,Shopping,1591,Debit
2024-07-18,Swiggy,Food,685,Debit
2024-02-13,Swiggy,Food,1790,Debit
2024-01-15,Zomato,Food,1328,Debit
2023-07-17,Zomato,Food,1483,Debit
2024-01-12,Amazon,Shopping,754,Debit
2024-01-16,Ola,Transport,624,Debit
2023-12-23,Zomato,Food,611,Debit
2023-05-16,Flipkart,Shopping,602,Debit
2024-11-13,Starbucks,Food,870,Debit
2023-12-01,Uber,Transport,1451,Debit
2024-05-25,Hotstar,Entertainment,399,Debit
2023-07-27,Ola,Transport,1423,Debit
2023-05-06,Amazon,Shopping,664,Debit
2024-09-17,Zomato,Food,670,Debit
2023-05-09,Uber,Transport,1921,Debit
2024-04-06,Zomato,Food,1186,Debit
2023-03-25,Amazon,Shopping,1876,Debit
2024-03-01,Swiggy,Food,397,Debit
2023-01-25,Flipkart,Shopping,1532,Debit
2024-01-25,Swiggy,Food,2193,Debit
2023-08-18,Amazon,Shopping,1388,Debit
2023-04-26,Starbucks,Food,1465,Debit
2024-08-10,Starbucks,Food,290,Debit
2024-11-12,Zomato,Food,1351,Debit
2024-06-30,Starbucks,Food,2004,Debit
2023-03-27,Starbucks,Food,1179,Debit
2023-06-14,Zomato,Food,1013,Debit
2023-01-07,Zomato,Food,2142,Debit
2024-06-08,Zomato,Food,459,Debit
2024-03-09,Flipkart,Shopping,963,Debit
2023-10-23,Starbucks,Food,327,Debit
2023-05-28,Flipkart,Shopping,264,Debit
2023-12-04,Zomato,Food,1097,Debit
2023-09-17,Starbucks,Food,2061,Debit
2024-09-17,Amazon,Shopping,533,Debit
2023-08-13,Amazon,Shopping,1638,Debit
2023-05-24,Starbucks,Food,1833,Debit
2024-03-19,Ola,Transport,512,Debit
2023-03-08,Starbucks,Food,1821,Debit
2024-10-03,Ola,Transport,1487,Debit
2023-10-19,Zomato,Food,1885,Debit
2024-09-07,Uber,Transport,1051,Debit
2024-04-28,Zomato,Food,1671,Debit
2024-09-06,Uber,Transport,500,Debit
2023-04-11,Swiggy,Food,1840,Debit
2024-04-15,Amazon,Shopping,2060,Debit
2023-09-04,Ola,Transport,2076,Debit
2023-12-27,Swiggy,Food,257,Debit
2024-11-20,Flipkart,Shopping,871,Debit
2023-06-21,Zomato,Food,597,Debit
2023-05-01,Amazon,Shopping,717,Debit
2023-12-16,Ola,Transport,1429,Debit
2024-02-20,Uber,Transport,1732,Debit
2023-10-16,Starbucks,Food,384,Debit
2024-03-26,Ola,Transport,1728,Debit
2024-12-08,Ola,Transport,1493,Debit
2023-12-18,Flipkart,Shopping,551,Debit
2024-01-03,Starbucks,Food,1073,Debit
2024-08-13,Starbucks,Food,1397,Debit
2024-09-11,Starbucks,Food,614,Debit
2023-01-02,Starbucks,Food,1514,Debit
2024-07-11,Starbucks,Food,354,Debit
2024-11-27,Uber,Transport,1543,Debit
2024-02-23,Ola,Transport,858,Debit
2023-12-30,Uber,Transport,955,Debit
2023-06-02,Swiggy,Food,1743,Debit
2024-05-01,Zomato,Food,842,Debit
2023-12-24,Amazon,Shopping,1286,Debit
2023-11-10,Flipkart,Shopping,1499,Debit
2024-11-25,Flipkart,Shopping,939,Debit
2024-09-06,Flipkart,Shopping,530,Debit
2024-04-27,Ola,Transport,471,Debit
2023-04-30,Amazon,Shopping,1322,Debit
2024-05-29,Zomato,Food,887,Debit
2024-04-09,Zomato,Food,2049,Debit
2023-06-15,Starbucks,Food,2129,Debit
2023-12-22,Zomato,Food,1918,Debit
2024-04-01,Swiggy,Food,286,Debit
2023-05-31,Salary,Income,42000,Credit
2024-05-25,Google Drive,Cloud,260,Debit
2024-07-21,Flipkart,Shopping,1826,Debit
2023-07-28,Ola,Transport,299,Debit
2024-02-29,Ola,Transport,626,Debit
2023-09-28,Amazon Prime,Shopping,299,Debit
2023-02-02,Uber,Transport,597,Debit
2024-08-23,Zomato,Food,1113,Debit
2023-02-24,Amazon,Shopping,1299,Debit
2023-08-26,Flipkart,Shopping,564,Debit
2024-02-25,Salary,Income,42000,Credit
2023-05-10,Starbucks,Food,365,Debit
2023-09-08,Uber,Transport,409,Debit
2024-02-14,Swiggy,Food,1897,Debit
2024-08-16,Uber,Transport,1473,Debit
2023-03-17,Ola,Transport,2178,Debit
2023-09-07,Flipkart,Shopping,971,Debit
2024-10-22,Uber,Transport,594,Debit
2024-03-27,Ola,Transport,1812,Debit
2024-01-21,Zomato,Food,1296,Debit
2023-07-26,Ola,Transport,996,Debit
2023-05-01,Personal Loan EMI,EMI,8700,Debit
2023-03-02,Personal Loan EMI,EMI,8700,Debit
2023-01-30,Ola,Transport,1991,Debit
2024-04-07,Uber,Transport,1701,Debit
2024-10-16,Amazon,Shopping,1340,Debit
2024-11-02,Starbucks,Food,749,Debit
2024-03-17,Zomato,Food,2105,Debit
2024-07-10,Zomato,Food,2010,Debit
2023-11-02,Swiggy,Food,563,Debit
2023-01-01,Electricity Bill,Utilities,3027,Debit
2024-06-14,Swiggy,Food,470,Debit
2024-02-23,Ola,Transport,2042,Debit
2023-12-20,Swiggy,Food,951,Debit
2024-07-22,Ola,Transport,2147,Debit
2023-10-11,Starbucks,Food,485,Debit
2024-09-25,Starbucks,Food,1994,Debit
2023-09-23,Zomato,Food,1769,Debit
2023-12-08,Zomato,Food,1975,Debit
2023-10-04,Ola,Transport,1168,Debit
2023-08-27,Amazon,Shopping,1708,Debit
2024-08-29,Zomato,Food,1211,Debit
2023-07-05,Flipkart,Shopping,346,Debit
2023-08-15,Swiggy,Food,758,Debit
2024-10-13,Zomato,Food,261,Debit
2024-12-16,Amazon,Shopping,877,Debit
2023-04-09,Starbucks,Food,1734,Debit
2023-09-28,Online Course,Education,2499,Debit
2023-06-12,Swiggy,Food,772,Debit
2023-12-27,Hotstar,Entertainment,399,Debit
2024-10-26,Ola,Transport,1505,Debit
2024-10-31,Uber,Transport,1699,Debit
2024-01-14,Zomato,Food,253,Debit
2024-12-17,Ola,Transport,1080,Debit
2023-01-04,Uber,Transport,1225,Debit
2024-07-07,Zomato,Food,1530,Debit
2024-03-02,Flipkart,Shopping,272,Debit
2023-10-15,Flipkart,Shopping,2046,Debit
2023-06-30,Salary,Income,42000,Credit
2024-11-20,Starbucks,Food,1391,Debit
2024-09-24,Ola,Transport,576,Debit
2023-09-14,Flipkart,Shopping,331,Debit
2024-05-09,Ola,Transport,865,Debit
2024-01-03,Zomato,Food,1211,Debit
2023-12-28,Uber,Transport,1321,Debit
2024-07-09,Zomato,Food,1118,Debit
2023-08-19,Starbucks,Food,649,Debit
2024-06-04,Amazon,Shopping,1311,Debit
2024-09-09,Zomato,Food,1927,Debit
2023-10-28,Flipkart,Shopping,1637,Debit
2024-08-29,Amazon,Shopping,2197,Debit
2024-07-29,Ola,Transport,252,Debit
2024-04-23,Ola,Transport,1669,Debit
2024-01-14,Zomato,Food,374,Debit
2023-07-30,Google Drive,Cloud,260,Debit
2024-08-15,Swiggy,Food,2047,Debit
2024-12-05,Zomato,Food,1886,Debit
2024-11-26,Zomato,Food,440,Debit
2023-01-20,Zomato,Food,957,Debit
2023-11-13,Amazon,Shopping,638,Debit
2023-07-22,Starbucks,Food,1629,Debit
2023-08-29,Apple Music,Music,199,Debit
2023-06-11,Uber,Transport,867,Debit
2024-01-30,Ola,Transport,469,Debit
2024-03-10,Starbucks,Food,500,Debit
2024-10-19,Amazon,Shopping,1634,Debit
2024-05-07,Zomato,Food,528,Debit
2023-02-12,Ola,Transport,1501,Debit
2023-06-23,Zomato,Food,895,Debit
2024-12-03,Flipkart,Shopping,1700,Debit
2024-12-21,Credit Card EMI,EMI,5200,Debit
2024-12-28,Ola,Transport,589,Debit
2024-04-03,Flipkart,Shopping,1714,Debit
2024-10-02,Amazon,Shopping,676,Debit
2024-01-06,Ola,Transport,1347,Debit
2024-11-27,Zomato,Food,1380,Debit
2024-05-05,Starbucks,Food,1487,Debit
2024-09-03,Amazon,Shopping,288,Debit
2023-09-11,Ola,Transport,989,Debit
2023-01-06,Flipkart,Shopping,2177,Debit
2024-09-10,Uber,Transport,1962,Debit
2024-10-26,Starbucks,Food,656,Debit
2024-02-25,Google Drive,Cloud,260,Debit
2023-08-04,Starbucks,Food,2122,Debit
2023-11-17,Uber,Transport,832,Debit
2024-04-06,Uber,Transport,1230,Debit
2023-05-09,Ola,Transport,1953,Debit
2024-01-29,Ola,Transport,803,Debit
2024-02-18,Swiggy,Food,1537,Debit
2024-10-22,Spotify,Music,199,Debit
2024-05-24,Zomato,Food,1574,Debit
2024-12-06,Amazon,Shopping,491,Debit
2024-06-29,Ola,Transport,1720,Debit
2024-08-28,Uber,Transport,1216,Debit
2023-01-09,Swiggy,Food,2006,Debit
2023-11-02,Uber,Transport,1473,Debit
2024-07-01,Ola,Transport,924,Debit
2023-05-10,Uber,Transport,316,Debit
2023-07-14,Flipkart,Shopping,1828,Debit
2023-03-01,Zomato,Food,256,Debit
2023-08-08,Flipkart,Shopping,2151,Debit
2024-02-26,Uber,Transport,2019,Debit
2024-03-22,Uber,Transport,379,Debit
2024-10-16,Ola,Transport,1485,Debit
2023-07-05,Amazon,Shopping,618,Debit
2023-12-03,Starbucks,Food,280,Debit
2024-04-25,Gym Membership,Fitness,1800,Debit
2024-01-26,Uber,Transport,2033,Debit
2024-01-26,Apple Music,Music,199,Debit
2023-02-01,Ola,Transport,2119,Debit
2024-08-14,Uber,Transport,1092,Debit
2024-04-11,Starbucks,Food,990,Debit
2023-04-01,Apple Music,Music,199,Debit
2024-01-26,Gym Membership,Fitness,1800,Debit
2024-05-06,Uber,Transport,499,Debit
2024-05-12,Ola,Transport,327,Debit
2023-10-01,Uber,Transport,2144,Debit
2023-09-18,Uber,Transport,435,Debit
2024-06-18,Flipkart,Shopping,1600,Debit
2024-01-25,Zomato,Food,1190,Debit
2023-04-07,Starbucks,Food,1482,Debit
2023-06-30,Google Drive,Cloud,260,Debit
2023-01-31,Zomato,Food,810,Debit
2024-10-19,Swiggy,Food,1262,Debit
2024-12-29,Amazon,Shopping,1185,Debit
2023-01-31,Mobile Recharge,Utilities,905,Debit
2023-07-10,Amazon,Shopping,1976,Debit
2024-12-12,Ola,Transport,648,Debit
2023-12-05,Amazon,Shopping,1657,Debit
2023-10-06,Uber,Transport,1966,Debit
2023-07-26,Zomato,Food,1523,Debit
2024-03-13,Ola,Transport,1816,Debit
2024-10-21,Zomato,Food,1309,Debit
2024-03-25,Amazon,Shopping,439,Debit
2023-01-27,Swiggy,Food,1103,Debit
2023-10-09,Zomato,Food,1385,Debit
2024-07-17,Uber,Transport,1335,Debit
2023-08-17,Amazon,Shopping,315,Debit
2024-11-21,Mobile Recharge,Utilities,789,Debit
2024-09-22,Salary,Income,42000,Credit
2023-05-23,Ola,Transport,1206,Debit
2024-07-23,Uber,Transport,1601,Debit
2023-06-20,Zomato,Food,1974,Debit
2024-01-02,Zomato,Food,769,Debit
2023-09-04,Ola,Transport,1026,Debit
2024-05-28,Swiggy,Food,1416,Debit
2024-11-30,Uber,Transport,1397,Debit
2023-12-17,Flipkart,Shopping,1850,Debit
2024-07-16,Uber,Transport,480,Debit
2024-03-10,Starbucks,Food,1394,Debit
2024-01-17,Ola,Transport,426,Debit
2024-01-30,Swiggy,Food,2069,Debit
2024-08-23,Mobile Recharge,Utilities,925,Debit
2023-10-26,Flipkart,Shopping,773,Debit
2024-05-17,Zomato,Food,1466,Debit
2023-07-30,Electricity Bill,Utilities,2472,Debit
2024-05-25,Gym Membership,Fitness,1800,Debit
2023-09-21,Swiggy,Food,1736,Debit
2024-12-20,Zomato,Food,1811,Debit
2023-01-01,Apple Music,Music,199,Debit
2023-06-05,Zomato,Food,701,Debit
2024-12-15,Uber,Transport,674,Debit
2023-08-04,Ola,Transport,1620,Debit
2023-10-02,Starbucks,Food,865,Debit
2024-11-29,Ola,Transport,1415,Debit
2023-06-15,Starbucks,Food,1048,Debit
2024-10-11,Starbucks,Food,1594,Debit
2023-01-04,Starbucks,Food,1367,Debit
2023-06-19,Ola,Transport,521,Debit
2023-04-18,Starbucks,Food,1391,Debit
2024-12-17,Amazon,Shopping,1337,Debit
2024-07-19,Zomato,Food,612,Debit
2023-05-19,Amazon,Shopping,984,Debit
2024-07-26,Amazon,Shopping,1044,Debit
2023-05-15,Amazon,Shopping,1972,Debit
2023-09-28,Starbucks,Food,1154,Debit
2023-09-28,Internet Bill,Utilities,1208,Debit
2023-01-02,Swiggy,Food,2168,Debit
2024-01-06,Zomato,Food,647,Debit
2024-03-31,Uber,Transport,1010,Debit
2024-06-03,Uber,Transport,712,Debit
2024-10-01,Swiggy,Food,430,Debit
2024-08-10,Ola,Transport,1073,Debit
2023-06-30,Uber,Transport,328,Debit
2023-09-28,Credit Card EMI,EMI,5200,Debit
2023-07-15,Ola,Transport,1298,Debit
2024-01-11,Starbucks,Food,2162,Debit
2024-01-28,Starbucks,Food,921,Debit
2023-01-31,Hotstar,Entertainment,399,Debit
2023-06-27,Zomato,Food,2154,Debit
2024-05-06,Swiggy,Food,1509,Debit
2023-05-31,Credit Card EMI,EMI,5200,Debit
2023-02-10,Swiggy,Food,1734,Debit
2023-01-17,Uber,Transport,2041,Debit
2024-10-22,Salary,Income,42000,Credit
2023-05-24,Zomato,Food,1691,Debit
2023-07-12,Zomato,Food,1956,Debit
2024-12-24,Swiggy,Food,573,Debit
2023-01-01,Mobile Recharge,Utilities,860,Debit
2024-11-03,Amazon,Shopping,615,Debit
2024-03-28,Swiggy,Food,1657,Debit
2024-10-14,Swiggy,Food,667,Debit
2024-12-24,Swiggy,Food,348,Debit
2023-12-03,Amazon,Shopping,679,Debit
2024-07-02,Uber,Transport,1043,Debit
2023-05-07,Swiggy,Food,1493,Debit
2024-02-22,Flipkart,Shopping,1937,Debit
2023-07-18,Flipkart,Shopping,1449,Debit
2023-02-26,Zomato,Food,1977,Debit
2023-02-28,Starbucks,Food,625,Debit
2023-09-04,Starbucks,Food,1317,Debit
2023-12-24,Swiggy,Food,1576,Debit
2024-02-15,Uber,Transport,1016,Debit
2024-05-20,Uber,Transport,1298,Debit
2023-09-13,Flipkart,Shopping,801,Debit
2024-09-20,Zomato,Food,1378,Debit
2023-09-05,Ola,Transport,719,Debit
2023-11-30,Swiggy,Food,1907,Debit
2023-01-14,Starbucks,Food,466,Debit
2023-09-28,Google Drive,Cloud,260,Debit
2023-04-21,Ola,Transport,993,Debit
2024-07-14,Ola,Transport,964,Debit
2023-07-06,Starbucks,Food,606,Debit
2024-08-27,Starbucks,Food,1437,Debit
2023-01-31,Salary,Income,42000,Credit
2023-06-10,Ola,Transport,828,Debit
2023-09-05,Swiggy,Food,956,Debit
2024-02-25,Gym Membership,Fitness,1800,Debit
2024-10-23,Starbucks,Food,2078,Debit
2024-06-19,Swiggy,Food,1161,Debit
2023-08-29,Electricity Bill,Utilities,3756,Debit
2024-09-23,Zomato,Food,666,Debit
2023-08-29,Amazon Prime,Shopping,299,Debit
2024-06-21,Uber,Transport,466,Debit
2023-06-15,Uber,Transport,802,Debit
2024-05-07,Uber,Transport,2179,Debit
2024-08-23,Internet Bill,Utilities,1370,Debit
2024-05-29,Amazon,Shopping,1754,Debit
2023-01-31,Gym Membership,Fitness,1800,Debit
2024-01-05,Starbucks,Food,2021,Debit
2024-02-19,Amazon,Shopping,1686,Debit
2023-12-27,Amazon Prime,Shopping,299,Debit
2024-01-05,Starbucks,Food,2073,Debit
2024-03-05,Amazon,Shopping,733,Debit
2024-05-04,Flipkart,Shopping,1294,Debit
2024-04-12,Starbucks,Food,292,Debit
2023-01-09,Swiggy,Food,1276,Debit
2024-03-18,Amazon,Shopping,1422,Debit
2024-08-02,Starbucks,Food,1914,Debit
2024-10-09,Amazon,Shopping,1168,Debit
2024-06-06,Swiggy,Food,1661,Debit
2024-10-20,Starbucks,Food,768,Debit
2024-06-10,Uber,Transport,424,Debit
2023-10-22,Zomato,Food,1622,Debit
2024-06-23,Flipkart,Shopping,1703,Debit
2024-12-11,Ola,Transport,980,Debit
2023-09-06,Zomato,Food,1811,Debit
2024-08-21,Swiggy,Food,1809,Debit
2024-04-13,Swiggy,Food,1831,Debit
2024-10-08,Ola,Transport,1729,Debit
2023-01-26,Swiggy,Food,1438,Debit
2023-11-21,Flipkart,Shopping,1201,Debit
2024-08-27,Uber,Transport,633,Debit
2023-11-15,Amazon,Shopping,959,Debit
2024-07-16,Swiggy,Food,1111,Debit
2024-06-28,Flipkart,Shopping,1399,Debit
2024-11-21,Spotify,Music,199,Debit
2023-01-01,Spotify,Music,199,Debit
2023-02-17,Ola,Transport,590,Debit
2023-09-19,Ola,Transport,2145,Debit
2023-04-02,Ola,Transport,811,Debit
2023-04-09,Flipkart,Shopping,250,Debit
2024-02-13,Ola,Transport,270,Debit
2024-07-22,Uber,Transport,1805,Debit
2023-04-08,Amazon,Shopping,1850,Debit
2023-04-15,Flipkart,Shopping,337,Debit
2023-11-14,Ola,Transport,1578,Debit
2023-09-10,Swiggy,Food,2100,Debit
2023-12-22,Zomato,Food,564,Debit
2024-04-27,Starbucks,Food,1846,Debit
2024-03-12,Flipkart,Shopping,577,Debit
2023-04-24,Uber,Transport,1955,Debit
2023-06-11,Uber,Transport,1635,Debit
2024-12-10,Starbucks,Food,1987,Debit
2023-12-16,Starbucks,Food,1172,Debit
2023-10-02,Starbucks,Food,665,Debit
2023-02-03,Uber,Transport,1752,Debit
2024-04-16,Swiggy,Food,2020,Debit
2023-05-05,Flipkart,Shopping,332,Debit
2023-02-20,Amazon,Shopping,1125,Debit
2023-07-30,Credit Card EMI,EMI,5200,Debit
2024-09-22,Gym Membership,Fitness,1800,Debit
2024-10-04,Zomato,Food,1783,Debit
2023-07-26,Swiggy,Food,1828,Debit
2024-08-29,Ola,Transport,1639,Debit
2023-06-17,Swiggy,Food,1618,Debit
2024-05-11,Starbucks,Food,293,Debit
2023-11-27,Gym Membership,Fitness,1800,Debit
2023-06-25,Ola,Transport,1396,Debit
2023-06-21,Uber,Transport,1874,Debit
2023-10-05,Swiggy,Food,1195,Debit
2024-10-26,Uber,Transport,1640,Debit
2024-06-21,Flipkart,Shopping,743,Debit
2023-10-12,Starbucks,Food,1552,Debit
2023-06-18,Swiggy,Food,954,Debit
2024-11-13,Ola,Transport,482,Debit
2023-01-15,Ola,Transport,1707,Debit
2024-09-07,Uber,Transport,1339,Debit
2023-09-27,Flipkart,Shopping,1407,Debit
2023-07-20,Flipkart,Shopping,357,Debit
2023-07-20,Zomato,Food,1793,Debit
2023-03-26,Ola,Transport,676,Debit
2023-07-21,Starbucks,Food,1414,Debit
2024-12-22,Amazon,Shopping,1372,Debit
2024-07-25,Uber,Transport,1743,Debit
2024-07-31,Starbucks,Food,2200,Debit
2023-11-18,Uber,Transport,1814,Debit
2024-08-17,Amazon,Shopping,2092,Debit
2023-03-28,Swiggy,Food,1676,Debit
2023-07-30,Flipkart,Shopping,2181,Debit
2023-03-10,Swiggy,Food,1607,Debit
2023-11-22,Starbucks,Food,1181,Debit
2023-10-14,Flipkart,Shopping,1076,Debit
2024-08-31,Zomato,Food,882,Debit
2023-05-31,Amazon,Shopping,1200,Debit
2023-05-21,Uber,Transport,902,Debit
2023-01-16,Amazon,Shopping,1112,Debit
2024-12-18,Amazon,Shopping,1498,Debit
2023-01-02,Amazon,Shopping,1544,Debit
2023-06-18,Uber,Transport,664,Debit
2023-01-30,Amazon,Shopping,1106,Debit
2024-02-25,Online Course,Education,2499,Debit
2023-08-24,Starbucks,Food,324,Debit
2024-07-25,Amazon,Shopping,1869,Debit
2024-03-17,Amazon,Shopping,2054,Debit
2023-09-28,Hotstar,Entertainment,399,Debit
2023-12-22,Ola,Transport,961,Debit
2024-11-21,Salary,Income,42000,Credit
2023-10-13,Uber,Transport,637,Debit
2023-10-10,Zomato,Food,1944,Debit
2024-06-14,Flipkart,Shopping,368,Debit
2024-07-19,Starbucks,Food,997,Debit
2023-01-13,Uber,Transport,2005,Debit
2023-06-02,Amazon,Shopping,273,Debit
2024-09-28,Amazon,Shopping,709,Debit
2024-07-03,Flipkart,Shopping,1719,Debit
2024-12-09,Zomato,Food,1416,Debit
2023-04-28,Ola,Transport,515,Debit
2024-10-12,Zomato,Food,746,Debit
2023-06-16,Starbucks,Food,1960,Debit
2024-05-09,Amazon,Shopping,1683,Debit
2023-12-02,Swiggy,Food,1808,Debit
2023-01-19,Uber,Transport,1487,Debit
2024-01-14,Starbucks,Food,837,Debit
2024-03-26,Uber,Transport,1839,Debit
2024-01-20,Amazon,Shopping,1792,Debit
2024-01-16,Flipkart,Shopping,622,Debit
2024-04-25,Apple Music,Music,199,Debit
2023-02-15,Uber,Transport,1874,Debit
2024-05-14,Zomato,Food,425,Debit
2023-08-10,Zomato,Food,1168,Debit
2023-05-24,Swiggy,Food,433,Debit
2023-12-02,Ola,Transport,1994,Debit
2024-01-19,Flipkart,Shopping,1339,Debit
2023-11-14,Uber,Transport,625,Debit
2023-08-16,Uber,Transport,709,Debit
2024-06-06,Swiggy,Food,1854,Debit
2024-06-15,Swiggy,Food,1330,Debit
2024-06-21,Ola,Transport,1398,Debit
2024-10-28,Flipkart,Shopping,1706,Debit
2023-12-17,Zomato,Food,1898,Debit
2024-11-24,Uber,Transport,841,Debit
2023-11-11,Ola,Transport,1324,Debit
2023-11-01,Ola,Transport,366,Debit
2024-07-01,Flipkart,Shopping,809,Debit
2024-02-24,Zomato,Food,1405,Debit
2023-11-26,Starbucks,Food,1687,Debit
2023-05-08,Amazon,Shopping,840,Debit
2023-08-17,Flipkart,Shopping,1822,Debit
2023-08-13,Amazon,Shopping,1338,Debit
2024-09-30,Uber,Transport,610,Debit
2024-09-12,Flipkart,Shopping,286,Debit
2023-09-17,Starbucks,Food,1056,Debit
2023-01-25,Flipkart,Shopping,1822,Debit
2023-03-11,Flipkart,Shopping,854,Debit
2024-06-06,Starbucks,Food,1418,Debit
2024-05-03,Uber,Transport,741,Debit
2023-07-24,Amazon,Shopping,2183,Debit
2023-06-30,Mobile Recharge,Utilities,916,Debit
2023-05-29,Flipkart,Shopping,2142,Debit
2023-10-22,Ola,Transport,505,Debit
2024-04-06,Ola,Transport,922,Debit
2023-12-11,Amazon,Shopping,585,Debit
2024-03-01,Amazon,Shopping,2146,Debit
2024-04-03,Swiggy,Food,291,Debit
2024-09-17,Flipkart,Shopping,1553,Debit
2024-03-16,Starbucks,Food,1596,Debit
2024-02-05,Flipkart,Shopping,1963,Debit
2023-07-30,Personal Loan EMI,EMI,8700,Debit
2023-10-02,Ola,Transport,874,Debit
2023-02-24,Uber,Transport,1068,Debit
2023-01-14,Ola,Transport,1658,Debit
2024-01-13,Flipkart,Shopping,632,Debit
2023-09-05,Flipkart,Shopping,1705,Debit
2024-01-29,Zomato,Food,2022,Debit
2024-04-13,Uber,Transport,1038,Debit
2023-10-03,Swiggy,Food,859,Debit
2024-12-03,Swiggy,Food,1817,Debit
2023-08-29,Salary,Income,42000,Credit
2024-09-26,Uber,Transport,1504,Debit
2024-06-29,Zomato,Food,593,Debit
2023-02-17,Uber,Transport,1873,Debit
2023-04-20,Swiggy,Food,1343,Debit
2024-05-30,Zomato,Food,1339,Debit
2023-12-08,Starbucks,Food,1528,Debit
2023-03-16,Zomato,Food,704,Debit
2024-07-09,Flipkart,Shopping,1157,Debit
2023-04-29,Ola,Transport,2186,Debit
2024-06-30,Uber,Transport,805,Debit
2024-10-07,Amazon,Shopping,1002,Debit
2024-09-18,Swiggy,Food,1460,Debit
2023-03-19,Amazon,Shopping,1822,Debit
2023-04-13,Flipkart,Shopping,1635,Debit
2023-08-07,Ola,Transport,928,Debit
2024-03-07,Uber,Transport,1899,Debit
2023-10-06,Flipkart,Shopping,695,Debit
2023-08-16,Starbucks,Food,1034,Debit
2023-05-17,Uber,Transport,2046,Debit
2023-03-31,Starbucks,Food,612,Debit
2024-09-01,Ola,Transport,1591,Debit
2023-05-19,Starbucks,Food,1017,Debit
2024-02-22,Zomato,Food,491,Debit
2023-04-05,Ola,Transport,1826,Debit
2024-11-21,Swiggy,Food,1100,Debit
2024-04-19,Zomato,Food,1690,Debit
2024-03-19,Swiggy,Food,1601,Debit
2024-07-24,Mobile Recharge,Utilities,781,Debit
2024-05-17,Flipkart,Shopping,1325,Debit
2023-05-30,Amazon,Shopping,1414,Debit
2024-06-04,Ola,Transport,940,Debit
2024-07-22,Zomato,Food,1888,Debit
2023-12-19,Starbucks,Food,1945,Debit
2024-05-23,Uber,Transport,1753,Debit
2023-08-22,Swiggy,Food,1996,Debit
2024-02-29,Amazon,Shopping,600,Debit
2024-06-27,Uber,Transport,1901,Debit
2024-06-24,Online Course,Education,2499,Debit
2023-11-16,Ola,Transport,1941,Debit
2023-02-20,Swiggy,Food,974,Debit
2023-07-09,Swiggy,Food,319,Debit
2023-12-02,Swiggy,Food,869,Debit
2023-01-09,Ola,Transport,990,Debit
2023-04-10,Amazon,Shopping,1187,Debit
2023-06-06,Zomato,Food,329,Debit
2023-04-01,Internet Bill,Utilities,1503,Debit
2024-07-12,Zomato,Food,1642,Debit
2023-06-19,Zomato,Food,2007,Debit
2024-07-28,Ola,Transport,2007,Debit
2023-10-09,Flipkart,Shopping,2013,Debit
2024-08-31,Uber,Transport,1159,Debit
2023-06-10,Ola,Transport,2041,Debit
2023-04-29,Ola,Transport,1822,Debit
2023-12-06,Swiggy,Food,2134,Debit
2023-08-02,Flipkart,Shopping,677,Debit
2023-04-22,Uber,Transport,1374,Debit
2024-07-06,Ola,Transport,1693,Debit
2024-12-21,Personal Loan EMI,EMI,8700,Debit
2023-07-07,Swiggy,Food,1305,Debit
2024-10-17,Ola,Transport,2180,Debit
2024-12-21,Gym Membership,Fitness,1800,Debit
2024-01-01,Ola,Transport,780,Debit
2024-03-12,Swiggy,Food,2070,Debit
2023-05-26,Zomato,Food,948,Debit
2024-03-15,Amazon,Shopping,733,Debit
2023-09-19,Swiggy,Food,918,Debit
2023-08-08,Zomato,Food,1944,Debit
2024-06-16,Amazon,Shopping,351,Debit
2024-06-24,Netflix,Entertainment,649,Debit
2024-04-05,Ola,Transport,1313,Debit
2023-03-09,Swiggy,Food,1144,Debit
2023-05-31,Mobile Recharge,Utilities,702,Debit
2024-04-28,Starbucks,Food,581,Debit
2023-06-30,Internet Bill,Utilities,1298,Debit
2023-07-03,Swiggy,Food,288,Debit
2023-03-15,Starbucks,Food,2072,Debit
2024-09-30,Starbucks,Food,2083,Debit
2023-04-03,Swiggy,Food,1783,Debit
2023-06-24,Swiggy,Food,758,Debit
2024-12-24,Starbucks,Food,1881,Debit
2024-08-30,Swiggy,Food,2188,Debit
2024-10-06,Zomato,Food,2034,Debit
2023-05-01,Hotstar,Entertainment,399,Debit
2023-11-22,Amazon,Shopping,671,Debit
2023-10-13,Starbucks,Food,841,Debit
2023-05-31,Netflix,Entertainment,649,Debit
2024-04-18,Amazon,Shopping,1021,Debit
2023-02-03,Swiggy,Food,1416,Debit
2024-03-20,Zomato,Food,1545,Debit
2023-12-28,Starbucks,Food,1603,Debit
2024-09-04,Starbucks,Food,1229,Debit
2024-11-05,Flipkart,Shopping,256,Debit
2023-03-02,Amazon Prime,Shopping,299,Debit
2023-07-30,Amazon,Shopping,1840,Debit
2023-08-10,Zomato,Food,540,Debit
2023-04-25,Starbucks,Food,465,Debit
2024-01-18,Swiggy,Food,1262,Debit
2023-12-31,Amazon,Shopping,2018,Debit
2023-11-16,Zomato,Food,2112,Debit
2024-02-06,Amazon,Shopping,1835,Debit
2023-06-30,Flipkart,Shopping,1690,Debit
2023-10-30,Ola,Transport,2087,Debit
2023-07-30,Netflix,Entertainment,649,Debit
2023-08-27,Flipkart,Shopping,2092,Debit
2024-10-06,Ola,Transport,1544,Debit
2023-04-01,Ola,Transport,628,Debit
2023-04-02,Starbucks,Food,1988,Debit
2023-01-31,Ola,Transport,2072,Debit
2024-08-25,Starbucks,Food,1074,Debit
2024-09-01,Ola,Transport,1355,Debit
2024-06-17,Amazon,Shopping,1213,Debit
2023-10-13,Amazon,Shopping,2119,Debit
2023-12-27,Salary,Income,42000,Credit
2024-04-29,Zomato,Food,1371,Debit
2024-04-15,Amazon,Shopping,810,Debit
2023-04-20,Starbucks,Food,1629,Debit
2023-05-28,Amazon,Shopping,690,Debit
2023-01-31,Online Course,Education,2499,Debit
2024-12-21,Apple Music,Music,199,Debit
2024-01-19,Starbucks,Food,1328,Debit
2023-08-11,Starbucks,Food,1672,Debit
2024-02-01,Flipkart,Shopping,745,Debit
2024-03-26,Gym Membership,Fitness,1800,Debit
2023-10-20,Amazon,Shopping,1021,Debit
2024-03-14,Uber,Transport,1320,Debit
2024-05-21,Swiggy,Food,811,Debit
2024-06-26,Amazon,Shopping,801,Debit
2024-09-01,Flipkart,Shopping,467,Debit
2024-06-24,Apple Music,Music,199,Debit
2024-09-23,Amazon,Shopping,2107,Debit
2024-12-15,Swiggy,Food,1340,Debit
2023-06-06,Zomato,Food,699,Debit
2023-12-27,Internet Bill,Utilities,1438,Debit
2023-10-22,Amazon,Shopping,1176,Debit
2023-10-28,Electricity Bill,Utilities,2714,Debit
2023-01-16,Starbucks,Food,392,Debit
2024-10-12,Amazon,Shopping,880,Debit
2024-02-10,Swiggy,Food,1363,Debit
2023-10-06,Swiggy,Food,469,Debit
2024-02-25,Mobile Recharge,Utilities,935,Debit
2023-05-12,Starbucks,Food,1425,Debit
2023-04-05,Flipkart,Shopping,1241,Debit
2023-01-28,Zomato,Food,1799,Debit
2024-07-21,Zomato,Food,698,Debit
2023-08-25,Zomato,Food,1474,Debit
2024-12-01,Ola,Transport,873,Debit
2024-03-17,Starbucks,Food,1658,Debit
2024-10-27,Starbucks,Food,1364,Debit
2023-01-03,Ola,Transport,363,Debit
2024-11-07,Uber,Transport,1134,Debit
2024-02-28,Swiggy,Food,698,Debit
2024-11-24,Swiggy,Food,507,Debit
2023-12-06,Uber,Transport,1779,Debit
2023-06-09,Amazon,Shopping,464,Debit
2023-05-07,Amazon,Shopping,1551,Debit
2023-12-21,Swiggy,Food,1925,Debit
2023-08-29,Online Course,Education,2499,Debit
2023-11-14,Uber,Transport,2148,Debit
2024-06-30,Zomato,Food,1514,Debit
2024-06-24,Salary,Income,42000,Credit
2024-01-20,Amazon,Shopping,659,Debit
2023-10-23,Amazon,Shopping,608,Debit
2024-09-22,Hotstar,Entertainment,399,Debit
2024-09-06,Ola,Transport,1807,Debit
2024-07-02,Swiggy,Food,899,Debit
2023-05-30,Ola,Transport,528,Debit
2024-07-27,Uber,Transport,1825,Debit
2023-06-09,Swiggy,Food,1933,Debit
2024-10-22,Internet Bill,Utilities,1496,Debit
2023-05-01,Salary,Income,42000,Credit
2024-10-30,Uber,Transport,817,Debit
2024-10-29,Starbucks,Food,905,Debit
2023-05-31,Electricity Bill,Utilities,2671,Debit
2023-03-12,Zomato,Food,1676,Debit
2024-09-29,Amazon,Shopping,1484,Debit
2023-10-31,Starbucks,Food,758,Debit
2023-08-21,Swiggy,Food,401,Debit
2024-02-12,Starbucks,Food,2152,Debit
2023-06-28,Ola,Transport,826,Debit
2023-01-04,Amazon,Shopping,1939,Debit
2024-01-08,Starbucks,Food,469,Debit
2024-06-05,Swiggy,Food,1164,Debit
2023-10-14,Uber,Transport,443,Debit
2023-03-30,Swiggy,Food,276,Debit
2023-07-13,Uber,Transport,1513,Debit
2023-07-09,Ola,Transport,494,Debit
2024-05-11,Zomato,Food,1161,Debit
2024-02-25,Spotify,Music,199,Debit
2024-11-06,Zomato,Food,774,Debit
2024-03-29,Swiggy,Food,335,Debit
2023-03-23,Uber,Transport,1160,Debit
2023-04-03,Flipkart,Shopping,1946,Debit
2024-08-23,Amazon Prime,Shopping,299,Debit
2024-12-21,Electricity Bill,Utilities,3405,Debit
2024-04-20,Uber,Transport,1962,Debit
2024-11-06,Swiggy,Food,1567,Debit
2023-11-16,Zomato,Food,1661,Debit
2023-08-10,Starbucks,Food,1749,Debit
2024-09-04,Ola,Transport,685,Debit
2024-04-13,Ola,Transport,2174,Debit
2023-04-27,Flipkart,Shopping,504,Debit
2024-10-13,Amazon,Shopping,821,Debit
2024-02-14,Ola,Transport,999,Debit
2023-02-22,Swiggy,Food,1021,Debit
2023-04-06,Zomato,Food,1190,Debit
2023-04-01,Google Drive,Cloud,260,Debit
2024-02-12,Flipkart,Shopping,1422,Debit
2023-06-11,Amazon,Shopping,934,Debit
2023-09-15,Zomato,Food,2069,Debit
2024-06-20,Amazon,Shopping,1612,Debit
2023-03-13,Swiggy,Food,2182,Debit
2023-12-27,Spotify,Music,199,Debit
2024-10-04,Swiggy,Food,1636,Debit
2023-10-05,Zomato,Food,1050,Debit
2024-03-29,Flipkart,Shopping,1731,Debit
2023-10-28,Google Drive,Cloud,260,Debit
2024-10-21,Ola,Transport,1030,Debit
2023-01-10,Amazon,Shopping,1067,Debit
2023-11-07,Zomato,Food,484,Debit
2024-09-13,Zomato,Food,281,Debit
2023-09-12,Ola,Transport,1254,Debit
2024-10-22,Flipkart,Shopping,283,Debit
2023-08-25,Flipkart,Shopping,1437,Debit
2023-06-12,Swiggy,Food,929,Debit
2023-07-01,Ola,Transport,1145,Debit
2023-08-15,Flipkart,Shopping,1577,Debit
2023-11-16,Ola,Transport,2032,Debit
2023-01-15,Zomato,Food,1814,Debit
2023-02-02,Swiggy,Food,925,Debit
2024-12-25,Starbucks,Food,1883,Debit
2024-05-25,Amazon,Shopping,1173,Debit
2024-03-14,Zomato,Food,1550,Debit
2024-12-15,Swiggy,Food,893,Debit
2023-01-10,Ola,Transport,347,Debit
2023-10-21,Swiggy,Food,1351,Debit
2023-02-12,Zomato,Food,974,Debit
2024-06-24,Ola,Transport,661,Debit
2024-06-10,Flipkart,Shopping,1276,Debit
2024-06-08,Starbucks,Food,1766,Debit
2024-02-22,Starbucks,Food,1952,Debit
2024-04-25,Online Course,Education,2499,Debit
2023-02-25,Zomato,Food,1576,Debit
2023-04-29,Swiggy,Food,1372,Debit
2024-09-08,Starbucks,Food,791,Debit
2023-07-27,Zomato,Food,1046,Debit
2023-07-21,Zomato,Food,1540,Debit
2024-10-02,Swiggy,Food,631,Debit
2023-09-10,Ola,Transport,1196,Debit
2024-07-22,Ola,Transport,782,Debit
2024-02-03,Ola,Transport,462,Debit
2024-08-22,Swiggy,Food,370,Debit
2023-06-05,Ola,Transport,1824,Debit
2023-10-10,Zomato,Food,856,Debit
2024-06-24,Internet Bill,Utilities,1584,Debit
2024-07-15,Amazon,Shopping,1089,Debit
2024-03-05,Swiggy,Food,1192,Debit
2024-11-21,Ola,Transport,1861,Debit
2023-08-05,Zomato,Food,1341,Debit
2023-08-09,Starbucks,Food,1219,Debit
2024-09-21,Amazon,Shopping,935,Debit
2023-05-01,Apple Music,Music,199,Debit
2023-01-31,Uber,Transport,1033,Debit
2024-09-26,Uber,Transport,1227,Debit
2023-12-27,Swiggy,Food,935,Debit
2024-07-09,Starbucks,Food,860,Debit
2023-08-18,Ola,Transport,2047,Debit
2024-09-08,Uber,Transport,2005,Debit
2024-10-10,Starbucks,Food,1253,Debit
2023-02-08,Swiggy,Food,1242,Debit
2023-10-22,Swiggy,Food,1863,Debit
2024-12-22,Swiggy,Food,2163,Debit
2024-09-16,Zomato,Food,1644,Debit
2023-11-23,Swiggy,Food,1776,Debit
2024-12-07,Amazon,Shopping,1790,Debit
2024-08-14,Swiggy,Food,303,Debit
2023-11-27,Internet Bill,Utilities,1336,Debit
2023-02-03,Uber,Transport,1341,Debit
2023-04-01,Netflix,Entertainment,649,Debit
2023-06-19,Flipkart,Shopping,764,Debit
2023-01-11,Amazon,Shopping,1040,Debit
2023-01-23,Uber,Transport,1780,Debit
2024-10-27,Ola,Transport,1600,Debit
2024-04-22,Uber,Transport,904,Debit
2023-12-02,Starbucks,Food,1696,Debit
2024-10-08,Swiggy,Food,1608,Debit
2024-12-27,Amazon,Shopping,969,Debit
2023-08-28,Swiggy,Food,1788,Debit
2024-03-04,Starbucks,Food,1546,Debit
2023-01-21,Ola,Transport,645,Debit
2023-01-01,Hotstar,Entertainment,399,Debit
2023-06-30,Gym Membership,Fitness,1800,Debit
2024-07-03,Uber,Transport,1015,Debit
2023-10-29,Swiggy,Food,360,Debit
2023-05-16,Uber,Transport,762,Debit
2023-02-13,Starbucks,Food,1833,Debit
2024-09-26,Zomato,Food,1239,Debit
2024-11-08,Uber,Transport,2101,Debit
2024-05-12,Ola,Transport,1667,Debit
2023-12-27,Apple Music,Music,199,Debit
2024-03-28,Flipkart,Shopping,695,Debit
2023-12-13,Flipkart,Shopping,1657,Debit
2024-03-15,Amazon,Shopping,660,Debit
2023-08-09,Uber,Transport,926,Debit
2024-06-27,Zomato,Food,1065,Debit
2024-10-03,Starbucks,Food,1111,Debit
2023-03-25,Flipkart,Shopping,1670,Debit
2023-05-15,Uber,Transport,783,Debit
2024-05-08,Amazon,Shopping,443,Debit
2024-02-11,Zomato,Food,1676,Debit
2024-02-04,Swiggy,Food,429,Debit
2023-10-17,Zomato,Food,1234,Debit
2023-09-28,Flipkart,Shopping,1085,Debit
2023-10-28,Personal Loan EMI,EMI,8700,Debit
2024-01-26,Internet Bill,Utilities,1191,Debit
2024-11-05,Flipkart,Shopping,1530,Debit
2023-06-01,Amazon,Shopping,318,Debit
2024-12-15,Flipkart,Shopping,842,Debit
2024-07-24,Personal Loan EMI,EMI,8700,Debit
2024-06-19,Ola,Transport,1494,Debit
2024-05-20,Starbucks,Food,1457,Debit
2023-12-24,Ola,Transport,1562,Debit
2023-03-27,Flipkart,Shopping,2144,Debit
2024-08-23,Personal Loan EMI,EMI,8700,Debit
2024-01-23,Flipkart,Shopping,1238,Debit
2024-12-25,Starbucks,Food,669,Debit
2023-07-30,Mobile Recharge,Utilities,803,Debit
2023-05-14,Starbucks,Food,613,Debit
2023-01-07,Starbucks,Food,606,Debit
2023-10-03,Zomato,Food,839,Debit
2024-12-08,Starbucks,Food,1594,Debit
2024-10-25,Zomato,Food,1096,Debit
2024-12-21,Salary,Income,42000,Credit
2023-12-28,Flipkart,Shopping,1001,Debit
2023-06-28,Amazon,Shopping,2019,Debit
2023-10-28,Online Course,Education,2499,Debit
2024-09-14,Amazon,Shopping,2171,Debit
2024-08-03,Zomato,Food,2055,Debit
2024-07-02,Flipkart,Shopping,309,Debit
2023-11-18,Swiggy,Food,1447,Debit
2024-06-01,Ola,Transport,1591,Debit
2023-11-26,Starbucks,Food,1503,Debit
2023-09-10,Zomato,Food,567,Debit
2023-08-04,Amazon,Shopping,1967,Debit
2024-02-16,Amazon,Shopping,858,Debit
2023-03-29,Swiggy,Food,1887,Debit
2024-04-02,Ola,Transport,2099,Debit
2024-12-05,Zomato,Food,403,Debit
2023-04-19,Flipkart,Shopping,1465,Debit
2024-12-07,Swiggy,Food,2172,Debit
2024-09-22,Online Course,Education,2499,Debit
2024-12-26,Ola,Transport,1325,Debit
2024-05-13,Zomato,Food,1947,Debit
2023-10-28,Hotstar,Entertainment,399,Debit
2023-09-28,Electricity Bill,Utilities,2377,Debit
2024-03-03,Swiggy,Food,442,Debit
2024-01-23,Ola,Transport,1829,Debit
2024-04-22,Flipkart,Shopping,1747,Debit
2023-02-05,Swiggy,Food,1063,Debit
2023-11-27,Flipkart,Shopping,746,Debit
2024-05-06,Flipkart,Shopping,559,Debit
2023-01-18,Starbucks,Food,1088,Debit
2024-04-30,Zomato,Food,1307,Debit
2023-06-25,Zomato,Food,252,Debit
2024-10-11,Uber,Transport,2189,Debit
2023-09-12,Swiggy,Food,686,Debit
2023-04-30,Flipkart,Shopping,512,Debit
2023-09-16,Amazon,Shopping,1487,Debit
2024-08-02,Ola,Transport,1289,Debit
2023-06-06,Uber,Transport,373,Debit
2023-08-29,Personal Loan EMI,EMI,8700,Debit
2024-04-05,Flipkart,Shopping,1295,Debit
2024-05-21,Flipkart,Shopping,336,Debit
2024-09-01,Amazon,Shopping,1962,Debit
2024-12-07,Uber,Transport,2161,Debit
2023-10-15,Amazon,Shopping,1983,Debit
2024-05-02,Uber,Transport,343,Debit
2023-08-14,Swiggy,Food,1154,Debit
2023-11-24,Ola,Transport,761,Debit
2024-08-24,Swiggy,Food,991,Debit
2024-01-13,Flipkart,Shopping,505,Debit
2023-11-11,Ola,Transport,333,Debit
2024-04-01,Amazon,Shopping,2037,Debit
2023-11-27,Ola,Transport,2148,Debit
2023-11-06,Flipkart,Shopping,1636,Debit
2024-08-12,Ola,Transport,557,Debit
2024-11-15,Zomato,Food,794,Debit
2024-12-13,Amazon,Shopping,2098,Debit
2024-10-08,Ola,Transport,1989,Debit
2024-05-26,Starbucks,Food,1704,Debit
2024-08-09,Starbucks,Food,835,Debit
2023-07-09,Uber,Transport,682,Debit
2023-05-03,Zomato,Food,1179,Debit
2024-06-24,Electricity Bill,Utilities,3477,Debit
2023-11-24,Zomato,Food,1743,Debit
2023-04-28,Amazon,Shopping,2083,Debit
2024-11-19,Flipkart,Shopping,1536,Debit
2023-03-07,Zomato,Food,742,Debit
2024-11-12,Starbucks,Food,901,Debit
2024-05-30,Uber,Transport,1076,Debit
2024-06-10,Swiggy,Food,799,Debit
2024-02-21,Uber,Transport,1335,Debit
2024-06-22,Amazon,Shopping,1590,Debit
2023-09-24,Swiggy,Food,253,Debit
2024-08-23,Salary,Income,42000,Credit
2024-04-27,Uber,Transport,459,Debit
2024-07-16,Flipkart,Shopping,1182,Debit
2023-03-25,Flipkart,Shopping,2139,Debit
2024-05-04,Zomato,Food,494,Debit
2024-12-30,Swiggy,Food,2179,Debit
2023-04-18,Zomato,Food,1741,Debit
2024-01-12,Flipkart,Shopping,2030,Debit
2023-03-01,Amazon,Shopping,401,Debit
2024-03-10,Ola,Transport,685,Debit
2023-10-25,Uber,Transport,819,Debit
2023-01-12,Zomato,Food,2051,Debit
2023-05-01,Amazon Prime,Shopping,299,Debit
2024-10-11,Zomato,Food,1973,Debit
2024-03-18,Zomato,Food,422,Debit
2023-07-11,Flipkart,Shopping,2113,Debit
2023-03-08,Zomato,Food,763,Debit
2023-01-03,Amazon,Shopping,661,Debit
2023-12-07,Amazon,Shopping,476,Debit
2023-02-14,Amazon,Shopping,1566,Debit
2023-01-04,Starbucks,Food,2177,Debit
2023-10-23,Swiggy,Food,2046,Debit
2023-05-31,Zomato,Food,1181,Debit
2023-05-02,Starbucks,Food,744,Debit
2024-05-01,Ola,Transport,1151,Debit
2023-10-31,Uber,Transport,965,Debit
2024-11-28,Amazon,Shopping,1600,Debit
2024-01-19,Uber,Transport,2029,Debit
2023-02-12,Ola,Transport,1852,Debit
2024-12-12,Starbucks,Food,2088,Debit
2023-11-07,Amazon,Shopping,1330,Debit
2023-05-31,Amazon,Shopping,1472,Debit
2023-02-19,Zomato,Food,2182,Debit
2023-07-15,Ola,Transport,1229,Debit
2024-05-24,Swiggy,Food,441,Debit
2024-09-22,Amazon Prime,Shopping,299,Debit
2023-02-18,Starbucks,Food,1456,Debit
2024-12-26,Zomato,Food,2077,Debit
2024-09-12,Swiggy,Food,2162,Debit
2023-08-22,Ola,Transport,1761,Debit
2024-09-25,Starbucks,Food,485,Debit
2023-12-04,Amazon,Shopping,1051,Debit
2023-05-31,Spotify,Music,199,Debit
2024-04-09,Ola,Transport,768,Debit
2023-09-12,Ola,Transport,1456,Debit
2024-04-25,Personal Loan EMI,EMI,8700,Debit
2023-07-03,Swiggy,Food,391,Debit
2023-12-10,Swiggy,Food,2038,Debit
2023-03-31,Ola,Transport,1664,Debit
2023-12-09,Ola,Transport,863,Debit
2023-10-28,Apple Music,Music,199,Debit
2024-04-20,Flipkart,Shopping,663,Debit
2023-06-30,Zomato,Food,314,Debit
2023-01-07,Zomato,Food,1089,Debit
2024-09-28,Flipkart,Shopping,1232,Debit
2024-12-18,Swiggy,Food,1774,Debit
2024-11-03,Starbucks,Food,682,Debit
2024-03-27,Uber,Transport,1739,Debit
2023-06-30,Ola,Transport,1758,Debit
2023-02-03,Swiggy,Food,937,Debit
2024-01-26,Netflix,Entertainment,649,Debit
2024-08-16,Flipkart,Shopping,1856,Debit
2024-02-08,Flipkart,Shopping,832,Debit
2024-10-07,Starbucks,Food,405,Debit
2023-01-01,Credit Card EMI,EMI,5200,Debit
2024-10-17,Swiggy,Food,641,Debit
2024-05-26,Uber,Transport,1414,Debit
2023-08-06,Starbucks,Food,1908,Debit
2023-02-23,Ola,Transport,2172,Debit
2023-11-25,Uber,Transport,1621,Debit
2023-11-20,Swiggy,Food,1190,Debit
2024-12-03,Ola,Transport,1932,Debit
2024-01-26,Amazon Prime,Shopping,299,Debit
2023-11-20,Uber,Transport,1921,Debit
2024-03-16,Swiggy,Food,2018,Debit
2024-07-24,Netflix,Entertainment,649,Debit
2023-11-14,Amazon,Shopping,443,Debit
2023-09-25,Uber,Transport,1490,Debit
2024-09-22,Personal Loan EMI,EMI,8700,Debit
2023-11-29,Amazon,Shopping,2018,Debit
2024-08-08,Ola,Transport,701,Debit
2024-04-14,Flipkart,Shopping,968,Debit
2024-05-19,Ola,Transport,1637,Debit
2024-04-13,Uber,Transport,601,Debit
2023-06-30,Credit Card EMI,EMI,5200,Debit
2024-06-06,Zomato,Food,1326,Debit
2023-06-26,Amazon,Shopping,986,Debit
2023-04-13,Swiggy,Food,1512,Debit
2023-09-16,Zomato,Food,654,Debit
2024-02-16,Ola,Transport,335,Debit
2023-01-17,Zomato,Food,2154,Debit
2024-09-12,Amazon,Shopping,915,Debit
2024-12-04,Amazon,Shopping,1604,Debit
2024-09-16,Zomato,Food,1968,Debit
2023-04-01,Swiggy,Food,409,Debit
2023-06-20,Ola,Transport,948,Debit
2023-03-02,Online Course,Education,2499,Debit
2024-04-25,Ola,Transport,2179,Debit
2023-03-13,Swiggy,Food,976,Debit
2024-09-21,Amazon,Shopping,577,Debit
2024-02-24,Ola,Transport,1130,Debit
2024-01-20,Amazon,Shopping,996,Debit
2023-09-20,Amazon,Shopping,602,Debit
2024-10-17,Zomato,Food,1043,Debit
2024-11-20,Amazon,Shopping,576,Debit
2023-12-12,Amazon,Shopping,267,Debit
2023-10-19,Swiggy,Food,1471,Debit
2023-01-05,Zomato,Food,1762,Debit
2023-01-24,Ola,Transport,1159,Debit
2023-07-11,Ola,Transport,792,Debit
2023-11-27,Swiggy,Food,565,Debit
2024-09-30,Flipkart,Shopping,1091,Debit
2023-09-28,Netflix,Entertainment,649,Debit
2024-09-11,Amazon,Shopping,570,Debit
2024-04-01,Amazon,Shopping,886,Debit
2024-04-25,Electricity Bill,Utilities,3303,Debit
2023-11-04,Starbucks,Food,1242,Debit
2023-05-28,Amazon,Shopping,944,Debit
2023-01-08,Flipkart,Shopping,903,Debit
2024-10-31,Ola,Transport,2083,Debit
2024-11-30,Ola,Transport,360,Debit
2023-12-29,Flipkart,Shopping,1612,Debit
2024-05-16,Uber,Transport,1479,Debit
2024-03-15,Zomato,Food,1813,Debit
2024-02-15,Ola,Transport,1340,Debit
2023-04-01,Amazon,Shopping,1543,Debit
2023-02-28,Uber,Transport,865,Debit
2024-05-23,Starbucks,Food,1095,Debit
2023-09-02,Zomato,Food,1572,Debit
2023-09-30,Uber,Transport,1247,Debit
2024-02-09,Uber,Transport,1209,Debit
2023-09-28,Gym Membership,Fitness,1800,Debit
2024-08-24,Starbucks,Food,2052,Debit
2024-12-03,Zomato,Food,1770,Debit
2024-02-17,Uber,Transport,538,Debit
2023-04-23,Amazon,Shopping,656,Debit
2023-03-02,Google Drive,Cloud,260,Debit
2024-09-22,Zomato,Food,1517,Debit
2023-03-02,Mobile Recharge,Utilities,720,Debit
2024-01-31,Flipkart,Shopping,1368,Debit
2024-03-08,Ola,Transport,859,Debit
2024-08-13,Ola,Transport,1699,Debit
2023-09-20,Flipkart,Shopping,1980,Debit
2024-07-28,Flipkart,Shopping,1793,Debit
2023-11-23,Starbucks,Food,912,Debit
2023-06-20,Uber,Transport,264,Debit
2024-03-19,Ola,Transport,1049,Debit
2023-07-22,Uber,Transport,819,Debit
2024-06-22,Uber,Transport,1241,Debit
2023-03-19,Flipkart,Shopping,2044,Debit
2023-04-01,Personal Loan EMI,EMI,8700,Debit
2023-11-06,Zomato,Food,1347,Debit
2023-08-26,Zomato,Food,585,Debit
2023-12-31,Uber,Transport,649,Debit
2023-10-22,Zomato,Food,1962,Debit
2024-10-19,Uber,Transport,1144,Debit
2024-11-19,Uber,Transport,587,Debit
2023-02-14,Zomato,Food,879,Debit
2023-08-29,Netflix,Entertainment,649,Debit
2024-01-14,Amazon,Shopping,927,Debit
2024-02-25,Uber,Transport,2161,Debit
2023-01-30,Zomato,Food,986,Debit
2024-10-22,Online Course,Education,2499,Debit
2024-12-23,Ola,Transport,572,Debit
2023-04-01,Salary,Income,42000,Credit
2024-06-24,Zomato,Food,1259,Debit
2024-10-20,Zomato,Food,2024,Debit
2023-08-19,Starbucks,Food,1349,Debit
2023-04-08,Zomato,Food,1388,Debit
2024-01-17,Amazon,Shopping,1074,Debit
2024-04-07,Uber,Transport,1342,Debit
2024-06-12,Uber,Transport,1676,Debit
2024-05-15,Uber,Transport,2189,Debit
2023-10-18,Ola,Transport,496,Debit
2024-09-24,Swiggy,Food,1583,Debit
2023-07-09,Zomato,Food,1234,Debit
2024-04-07,Swiggy,Food,340,Debit
2023-02-26,Flipkart,Shopping,2182,Debit
2024-08-24,Zomato,Food,853,Debit
2024-01-09,Flipkart,Shopping,2186,Debit
2024-08-08,Flipkart,Shopping,1526,Debit
2024-08-17,Starbucks,Food,981,Debit
2024-04-27,Ola,Transport,2040,Debit
2024-01-22,Starbucks,Food,2006,Debit
2024-12-30,Ola,Transport,1158,Debit
2024-02-17,Swiggy,Food,1658,Debit
2023-06-19,Zomato,Food,360,Debit
2023-06-03,Ola,Transport,499,Debit
2023-11-11,Swiggy,Food,1283,Debit
2024-09-18,Ola,Transport,1686,Debit
2023-11-09,Swiggy,Food,844,Debit
2023-05-20,Amazon,Shopping,818,Debit
2024-11-21,Gym Membership,Fitness,1800,Debit
2023-10-17,Amazon,Shopping,1034,Debit
2024-12-01,Ola,Transport,1607,Debit
2023-11-27,Swiggy,Food,953,Debit
2023-06-23,Zomato,Food,372,Debit
2024-07-29,Zomato,Food,1236,Debit
2023-08-06,Zomato,Food,678,Debit
2023-03-08,Amazon,Shopping,1323,Debit
2023-03-31,Zomato,Food,1966,Debit
2023-11-27,Amazon Prime,Shopping,299,Debit
2024-03-27,Starbucks,Food,830,Debit
2024-12-07,Flipkart,Shopping,587,Debit
2023-07-04,Ola,Transport,2039,Debit
2024-01-30,Uber,Transport,1345,Debit
2023-02-12,Uber,Transport,724,Debit
2024-01-04,Amazon,Shopping,1294,Debit
2024-11-17,Zomato,Food,652,Debit
2023-01-31,Apple Music,Music,199,Debit
2023-03-29,Zomato,Food,1117,Debit
2024-09-02,Flipkart,Shopping,771,Debit
2024-01-31,Starbucks,Food,1746,Debit
2024-04-12,Ola,Transport,1067,Debit
2023-01-21,Zomato,Food,1866,Debit
2023-12-22,Flipkart,Shopping,2070,Debit
2024-05-11,Flipkart,Shopping,1969,Debit
2024-07-07,Amazon,Shopping,828,Debit
2024-10-13,Swiggy,Food,1014,Debit
2024-05-16,Ola,Transport,602,Debit
2024-10-21,Flipkart,Shopping,1912,Debit
2023-06-23,Uber,Transport,974,Debit
2023-04-27,Starbucks,Food,2161,Debit
2023-07-22,Zomato,Food,953,Debit
2024-07-24,Internet Bill,Utilities,1466,Debit
2024-07-31,Ola,Transport,675,Debit
2024-02-23,Uber,Transport,992,Debit
2023-11-04,Uber,Transport,810,Debit
2024-01-24,Swiggy,Food,1073,Debit
2023-05-29,Uber,Transport,1139,Debit
2024-12-28,Swiggy,Food,893,Debit
2024-12-10,Amazon,Shopping,1961,Debit
2024-02-15,Uber,Transport,1697,Debit
2023-04-16,Uber,Transport,915,Debit
2024-11-04,Zomato,Food,1474,Debit
2024-08-12,Uber,Transport,701,Debit
2023-01-21,Uber,Transport,1617,Debit
2024-03-23,Uber,Transport,2158,Debit
2024-02-03,Ola,Transport,295,Debit
2024-11-14,Ola,Transport,1549,Debit
2024-07-02,Starbucks,Food,440,Debit
2023-12-30,Zomato,Food,1399,Debit
2023-07-22,Starbucks,Food,704,Debit
2024-05-04,Zomato,Food,464,Debit
2024-11-01,Swiggy,Food,1956,Debit
2024-09-06,Swiggy,Food,1546,Debit
2024-11-16,Swiggy,Food,636,Debit
2023-05-26,Swiggy,Food,627,Debit
2023-01-01,Internet Bill,Utilities,1210,Debit
2024-04-21,Amazon,Shopping,1428,Debit
2023-07-26,Starbucks,Food,286,Debit
2023-11-27,Hotstar,Entertainment,399,Debit
2024-06-13,Starbucks,Food,403,Debit
2023-09-22,Amazon,Shopping,779,Debit
2023-07-08,Starbucks,Food,2011,Debit
2023-06-14,Uber,Transport,2119,Debit
2024-07-04,Zomato,Food,446,Debit
2024-12-12,Starbucks,Food,1360,Debit
2023-09-17,Ola,Transport,501,Debit
2023-05-21,Zomato,Food,921,Debit
2024-12-20,Flipkart,Shopping,1238,Debit
2023-11-27,Personal Loan EMI,EMI,8700,Debit
2023-03-30,Uber,Transport,1561,Debit
2024-07-20,Flipkart,Shopping,2192,Debit
2023-05-28,Uber,Transport,786,Debit
2023-11-07,Amazon,Shopping,1046,Debit
2023-12-26,Amazon,Shopping,1134,Debit
2024-04-24,Flipkart,Shopping,401,Debit
2023-10-24,Starbucks,Food,697,Debit
2023-11-18,Zomato,Food,1613,Debit
2024-04-25,Spotify,Music,199,Debit
2023-09-03,Starbucks,Food,272,Debit
2024-05-22,Uber,Transport,1757,Debit
2023-04-02,Flipkart,Shopping,872,Debit
2023-03-25,Flipkart,Shopping,731,Debit
2024-06-26,Uber,Transport,1990,Debit
2024-11-18,Zomato,Food,2189,Debit
2024-03-12,Uber,Transport,1818,Debit
2023-05-11,Ola,Transport,1010,Debit
2024-01-24,Ola,Transport,465,Debit
2024-03-05,Amazon,Shopping,2093,Debit
2024-11-09,Flipkart,Shopping,1268,Debit
2023-12-07,Ola,Transport,889,Debit
2024-03-21,Flipkart,Shopping,648,Debit
2023-01-01,Online Course,Education,2499,Debit
2023-05-16,Amazon,Shopping,250,Debit
2023-10-27,Zomato,Food,983,Debit
2023-01-22,Uber,Transport,1791,Debit
2024-03-16,Zomato,Food,1918,Debit
2023-12-14,Swiggy,Food,447,Debit
2023-07-20,Flipkart,Shopping,1779,Debit
2024-09-15,Swiggy,Food,589,Debit
2023-10-11,Starbucks,Food,943,Debit
2023-11-27,Salary,Income,42000,Credit
2023-01-16,Amazon,Shopping,1789,Debit
2023-09-06,Swiggy,Food,1907,Debit
2023-03-02,Internet Bill,Utilities,1561,Debit
2024-01-26,Google Drive,Cloud,260,Debit
2024-02-10,Uber,Transport,1668,Debit
2024-06-24,Zomato,Food,1260,Debit
2023-10-16,Ola,Transport,2170,Debit
2024-12-08,Ola,Transport,1012,Debit
2024-07-05,Starbucks,Food,791,Debit
2024-10-28,Starbucks,Food,832,Debit
2023-05-12,Starbucks,Food,1678,Debit
2024-11-24,Starbucks,Food,319,Debit
2024-08-28,Amazon,Shopping,1356,Debit
2024-07-18,Amazon,Shopping,786,Debit
2023-01-08,Ola,Transport,729,Debit
2024-05-02,Zomato,Food,1000,Debit
2024-01-27,Zomato,Food,571,Debit
2024-12-23,Uber,Transport,1556,Debit
2024-01-26,Flipkart,Shopping,2134,Debit
2023-06-17,Amazon,Shopping,397,Debit
2023-11-01,Ola,Transport,1492,Debit
2023-11-03,Zomato,Food,1817,Debit
2024-08-14,Swiggy,Food,2043,Debit
2023-08-29,Hotstar,Entertainment,399,Debit
2024-08-29,Uber,Transport,340,Debit
2023-03-02,Credit Card EMI,EMI,5200,Debit
2023-01-01,Gym Membership,Fitness,1800,Debit
2023-11-01,Ola,Transport,1381,Debit
2024-07-24,Apple Music,Music,199,Debit
2023-02-23,Uber,Transport,1631,Debit
2024-02-23,Ola,Transport,1721,Debit
2023-09-26,Ola,Transport,1607,Debit
2024-04-06,Flipkart,Shopping,256,Debit
2023-03-05,Zomato,Food,1223,Debit
2024-06-20,Zomato,Food,1651,Debit
2024-12-05,Zomato,Food,2168,Debit
2024-10-11,Zomato,Food,1743,Debit
2023-12-27,Netflix,Entertainment,649,Debit
2024-02-25,Amazon Prime,Shopping,299,Debit
2024-12-23,Swiggy,Food,1482,Debit
2024-06-24,Personal Loan EMI,EMI,8700,Debit
2023-05-31,Hotstar,Entertainment,399,Debit
2023-02-13,Swiggy,Food,2079,Debit
2023-05-06,Uber,Transport,1324,Debit
2024-09-24,Amazon,Shopping,1764,Debit
2024-11-26,Flipkart,Shopping,302,Debit
2024-08-03,Flipkart,Shopping,1011,Debit
2024-07-06,Starbucks,Food,1832,Debit
2023-09-28,Personal Loan EMI,EMI,8700,Debit
2024-07-24,Amazon Prime,Shopping,299,Debit
2023-03-06,Ola,Transport,1283,Debit
2023-11-27,Netflix,Entertainment,649,Debit
2024-12-27,Starbucks,Food,780,Debit
2024-10-01,Amazon,Shopping,1205,Debit
2023-05-01,Gym Membership,Fitness,1800,Debit
2023-04-26,Starbucks,Food,1049,Debit
2024-04-18,Amazon,Shopping,820,Debit
2023-03-02,Apple Music,Music,199,Debit
2023-08-09,Zomato,Food,2018,Debit
2024-10-12,Ola,Transport,1197,Debit
2023-07-28,Flipkart,Shopping,1011,Debit
2024-02-07,Uber,Transport,1504,Debit
2024-10-04,Zomato,Food,2172,Debit
2024-07-25,Starbucks,Food,355,Debit
2023-11-13,Zomato,Food,762,Debit
2023-03-21,Starbucks,Food,917,Debit
2023-10-28,Salary,Income,42000,Credit
2023-10-04,Ola,Transport,500,Debit
2024-04-12,Amazon,Shopping,1266,Debit
2023-08-25,Ola,Transport,428,Debit
2024-12-11,Starbucks,Food,1435,Debit
2023-04-21,Zomato,Food,1383,Debit
2024-12-21,Zomato,Food,846,Debit
2023-09-06,Flipkart,Shopping,2096,Debit
2024-08-21,Swiggy,Food,1220,Debit
2023-02-27,Zomato,Food,2094,Debit
2023-04-18,Flipkart,Shopping,1980,Debit
2023-04-29,Uber,Transport,1604,Debit
2023-05-01,Electricity Bill,Utilities,2566,Debit
2023-08-29,Starbucks,Food,2086,Debit
2024-05-24,Starbucks,Food,1102,Debit
2023-04-13,Uber,Transport,639,Debit
2023-09-16,Starbucks,Food,882,Debit
2024-09-22,Uber,Transport,1642,Debit
2024-03-25,Swiggy,Food,1337,Debit
2024-01-06,Ola,Transport,2191,Debit
2024-01-03,Swiggy,Food,1810,Debit
2023-04-10,Amazon,Shopping,431,Debit
2024-10-20,Starbucks,Food,623,Debit
2023-02-19,Starbucks,Food,1908,Debit
2024-02-21,Uber,Transport,390,Debit
2024-08-07,Zomato,Food,371,Debit
2023-09-27,Swiggy,Food,1932,Debit
2023-04-21,Ola,Transport,1660,Debit
2023-09-27,Flipkart,Shopping,1713,Debit
2023-10-18,Flipkart,Shopping,1602,Debit
2024-11-22,Ola,Transport,1347,Debit
2023-01-11,Starbucks,Food,1344,Debit
2023-05-18,Ola,Transport,705,Debit
2024-03-26,Salary,Income,42000,Credit
2024-04-18,Flipkart,Shopping,2103,Debit
2023-09-29,Starbucks,Food,1254,Debit
2023-01-20,Starbucks,Food,2067,Debit
2024-04-20,Swiggy,Food,2128,Debit
2023-04-01,Amazon Prime,Shopping,299,Debit
2023-05-14,Flipkart,Shopping,1973,Debit
2023-03-18,Uber,Transport,1142,Debit
2024-05-26,Starbucks,Food,1657,Debit
2024-02-29,Flipkart,Shopping,1435,Debit
2023-02-03,Starbucks,Food,1547,Debit
2024-06-24,Uber,Transport,2114,Debit
2023-06-12,Flipkart,Shopping,1488,Debit
2023-10-16,Zomato,Food,628,Debit
2023-01-15,Uber,Transport,1707,Debit
2024-11-16,Starbucks,Food,354,Debit
2023-08-10,Zomato,Food,1772,Debit
2023-06-11,Starbucks,Food,631,Debit
2023-10-28,Amazon Prime,Shopping,299,Debit
2024-05-25,Electricity Bill,Utilities,2383,Debit
2023-09-22,Zomato,Food,1348,Debit
2023-06-07,Zomato,Food,1194,Debit
2023-03-02,Zomato,Food,1229,Debit
2023-12-06,Swiggy,Food,554,Debit
2023-11-29,Zomato,Food,1116,Debit
2024-07-24,Salary,Income,42000,Credit
2023-11-02,Starbucks,Food,868,Debit
2024-12-28,Zomato,Food,433,Debit
2024-09-24,Zomato,Food,2178,Debit
2024-01-09,Flipkart,Shopping,1701,Debit
2023-08-08,Swiggy,Food,391,Debit
2023-11-13,Ola,Transport,1743,Debit
2023-10-26,Uber,Transport,284,Debit
2024-03-26,Flipkart,Shopping,1642,Debit
2024-11-18,Swiggy,Food,734,Debit
2024-08-06,Flipkart,Shopping,1739,Debit
2023-10-18,Starbucks,Food,491,Debit
2023-07-09,Ola,Transport,1792,Debit
2023-05-01,Spotify,Music,199,Debit
2023-08-21,Flipkart,Shopping,340,Debit
2023-02-17,Swiggy,Food,2044,Debit
2024-03-29,Amazon,Shopping,265,Debit
2023-05-01,Swiggy,Food,1965,Debit
2024-07-12,Amazon,Shopping,593,Debit
2023-04-17,Ola,Transport,677,Debit
2023-01-27,Starbucks,Food,1006,Debit
2023-07-28,Zomato,Food,569,Debit
2024-05-18,Uber,Transport,1726,Debit
2024-11-13,Starbucks,Food,729,Debit
2023-02-17,Ola,Transport,580,Debit
2024-02-04,Flipkart,Shopping,1164,Debit
2024-07-27,Swiggy,Food,677,Debit
2023-12-05,Amazon,Shopping,1954,Debit
2023-05-24,Amazon,Shopping,1339,Debit
2024-12-02,Swiggy,Food,1448,Debit
2023-11-16,Zomato,Food,1870,Debit
2024-07-24,Hotstar,Entertainment,399,Debit
2023-10-28,Netflix,Entertainment,649,Debit
2023-12-05,Starbucks,Food,997,Debit
2024-10-29,Amazon,Shopping,1090,Debit
2023-09-24,Uber,Transport,728,Debit
2024-01-07,Flipkart,Shopping,1318,Debit
2024-03-17,Ola,Transport,1283,Debit
2024-12-01,Ola,Transport,1905,Debit
2023-01-06,Swiggy,Food,493,Debit
2023-07-24,Uber,Transport,776,Debit
2023-07-30,Starbucks,Food,1611,Debit
2023-07-17,Zomato,Food,2059,Debit
2023-07-05,Amazon,Shopping,651,Debit
2024-10-14,Ola,Transport,434,Debit
2023-03-01,Zomato,Food,1454,Debit
2024-02-02,Swiggy,Food,1398,Debit
2024-12-21,Zomato,Food,828,Debit
2024-05-25,Credit Card EMI,EMI,5200,Debit
2024-05-30,Ola,Transport,1890,Debit
2023-05-31,Amazon Prime,Shopping,299,Debit
2024-11-28,Flipkart,Shopping,2172,Debit
2024-01-11,Swiggy,Food,2170,Debit
2024-06-16,Starbucks,Food,910,Debit
2024-03-11,Uber,Transport,1394,Debit
2024-06-14,Uber,Transport,1752,Debit
2024-06-05,Amazon,Shopping,2144,Debit
2024-02-06,Starbucks,Food,2066,Debit
2024-10-15,Zomato,Food,253,Debit
2023-05-31,Online Course,Education,2499,Debit
2024-04-23,Ola,Transport,1844,Debit
2024-02-04,Uber,Transport,389,Debit
2023-05-25,Amazon,Shopping,570,Debit
2023-04-01,Mobile Recharge,Utilities,836,Debit
2023-04-01,Hotstar,Entertainment,399,Debit
2024-11-21,Ola,Transport,1980,Debit
2024-01-26,Flipkart,Shopping,674,Debit
2024-06-14,Starbucks,Food,1936,Debit
2023-02-18,Starbucks,Food,768,Debit
2023-09-18,Starbucks,Food,873,Debit
2023-04-07,Ola,Transport,1279,Debit
2024-02-07,Swiggy,Food,374,Debit
2024-01-21,Flipkart,Shopping,729,Debit
2023-06-10,Amazon,Shopping,2122,Debit
2024-01-18,Swiggy,Food,553,Debit
2024-02-22,Starbucks,Food,634,Debit
2023-05-19,Amazon,Shopping,580,Debit
2023-09-13,Starbucks,Food,1565,Debit
2023-02-09,Zomato,Food,1838,Debit
2023-03-29,Swiggy,Food,290,Debit
2023-04-16,Zomato,Food,962,Debit
2024-10-14,Ola,Transport,1457,Debit
2023-08-29,Uber,Transport,529,Debit
2023-10-15,Flipkart,Shopping,253,Debit
2024-12-29,Starbucks,Food,620,Debit
2024-08-28,Flipkart,Shopping,1362,Debit
2024-12-18,Ola,Transport,772,Debit
2024-08-06,Uber,Transport,1162,Debit
2023-01-17,Starbucks,Food,1864,Debit
2023-04-05,Zomato,Food,1982,Debit
2024-04-05,Ola,Transport,620,Debit
2024-05-14,Starbucks,Food,2017,Debit
2024-10-20,Ola,Transport,1965,Debit
2023-11-27,Apple Music,Music,199,Debit
2023-03-06,Ola,Transport,1991,Debit
2024-02-25,Apple Music,Music,199,Debit
2024-08-15,Uber,Transport,865,Debit
2024-08-05,Ola,Transport,1197,Debit
2023-03-28,Swiggy,Food,347,Debit
2024-03-26,Apple Music,Music,199,Debit
2023-02-09,Swiggy,Food,1396,Debit
2023-02-21,Starbucks,Food,1983,Debit
2023-07-06,Uber,Transport,886,Debit
2023-02-14,Flipkart,Shopping,1746,Debit
2023-09-04,Amazon,Shopping,1852,Debit
2024-04-11,Uber,Transport,1989,Debit
2024-03-10,Flipkart,Shopping,2005,Debit
2024-11-21,Online Course,Education,2499,Debit
2024-04-21,Swiggy,Food,2026,Debit
2023-10-28,Internet Bill,Utilities,1177,Debit
2024-11-19,Starbucks,Food,383,Debit
2023-03-24,Starbucks,Food,1262,Debit
2023-06-20,Starbucks,Food,640,Debit
2024-07-17,Flipkart,Shopping,1079,Debit
2024-09-05,Zomato,Food,1171,Debit
2023-04-06,Zomato,Food,924,Debit
2023-08-28,Amazon,Shopping,719,Debit
2024-06-24,Google Drive,Cloud,260,Debit
2023-11-03,Swiggy,Food,527,Debit
2024-01-20,Flipkart,Shopping,1412,Debit
2024-06-24,Amazon Prime,Shopping,299,Debit
2023-04-12,Starbucks,Food,642,Debit
2024-05-17,Starbucks,Food,466,Debit
2024-05-25,Salary,Income,42000,Credit
2023-09-29,Ola,Transport,784,Debit
2024-09-04,Ola,Transport,1580,Debit
2023-05-21,Uber,Transport,1513,Debit
2024-07-05,Starbucks,Food,2074,Debit
2023-04-28,Zomato,Food,526,Debit
2023-01-08,Ola,Transport,1272,Debit
2023-05-23,Swiggy,Food,1874,Debit
2023-08-03,Flipkart,Shopping,1227,Debit
2023-01-01,Personal Loan EMI,EMI,8700,Debit
2024-03-26,Google Drive,Cloud,260,Debit
2024-11-23,Starbucks,Food,573,Debit
2024-04-11,Flipkart,Shopping,850,Debit
2023-01-21,Uber,Transport,784,Debit
2024-12-20,Uber,Transport,1500,Debit
2023-07-18,Amazon,Shopping,1807,Debit
2023-05-24,Starbucks,Food,922,Debit
2023-09-11,Starbucks,Food,1293,Debit
2023-03-30,Zomato,Food,667,Debit
2024-10-15,Ola,Transport,360,Debit
2024-05-21,Starbucks,Food,602,Debit
2023-08-02,Uber,Transport,749,Debit
2023-04-06,Starbucks,Food,1549,Debit
2023-04-24,Starbucks,Food,1462,Debit
2023-12-01,Uber,Transport,897,Debit
2023-04-10,Swiggy,Food,271,Debit
2023-02-09,Uber,Transport,974,Debit
2024-02-11,Amazon,Shopping,1338,Debit
2024-09-15,Zomato,Food,2085,Debit
2023-02-06,Flipkart,Shopping,1797,Debit
2023-05-08,Ola,Transport,1496,Debit
2024-05-23,Flipkart,Shopping,2014,Debit
2023-05-26,Uber,Transport,1084,Debit
2023-06-04,Flipkart,Shopping,1775,Debit
2023-05-01,Internet Bill,Utilities,1291,Debit
2023-08-14,Uber,Transport,697,Debit
2023-08-09,Flipkart,Shopping,1875,Debit
2024-10-10,Flipkart,Shopping,801,Debit
2024-04-08,Amazon,Shopping,865,Debit
2023-04-01,Gym Membership,Fitness,1800,Debit
2024-12-11,Uber,Transport,803,Debit
2024-07-23,Zomato,Food,1764,Debit
2023-05-07,Zomato,Food,1741,Debit
2024-11-09,Starbucks,Food,1941,Debit
2023-12-19,Uber,Transport,341,Debit
2023-03-31,Zomato,Food,1927,Debit
2024-07-24,Zomato,Food,1495,Debit
2024-08-25,Flipkart,Shopping,2099,Debit
2023-07-05,Starbucks,Food,2141,Debit
2023-04-07,Zomato,Food,1506,Debit
2023-07-04,Ola,Transport,1010,Debit
2024-10-27,Starbucks,Food,518,Debit
2023-02-18,Starbucks,Food,2192,Debit
2023-01-31,Credit Card EMI,EMI,5200,Debit
2024-09-11,Swiggy,Food,1061,Debit
2024-09-29,Uber,Transport,990,Debit
2023-09-23,Ola,Transport,1110,Debit
2024-10-23,Uber,Transport,1661,Debit
2024-09-14,Zomato,Food,554,Debit
2023-09-10,Flipkart,Shopping,466,Debit
2024-12-23,Ola,Transport,704,Debit
2024-10-07,Starbucks,Food,941,Debit
2023-11-02,Flipkart,Shopping,270,Debit
2023-01-24,Zomato,Food,790,Debit
2024-10-22,Personal Loan EMI,EMI,8700,Debit
2024-12-05,Ola,Transport,469,Debit
2024-06-15,Starbucks,Food,1453,Debit
2023-01-30,Uber,Transport,1687,Debit
2024-07-24,Gym Membership,Fitness,1800,Debit
2023-10-29,Amazon,Shopping,448,Debit
2024-06-08,Ola,Transport,553,Debit
2024-10-10,Starbucks,Food,2042,Debit
2024-11-11,Zomato,Food,1674,Debit
2024-08-09,Flipkart,Shopping,1900,Debit
2023-01-10,Swiggy,Food,1449,Debit
2024-03-26,Mobile Recharge,Utilities,725,Debit
2024-04-16,Uber,Transport,1005,Debit
2024-01-02,Zomato,Food,2055,Debit
2023-06-30,Apple Music,Music,199,Debit
2023-06-27,Flipkart,Shopping,1179,Debit
2023-08-31,Amazon,Shopping,1156,Debit
2024-02-15,Ola,Transport,837,Debit
2023-04-15,Amazon,Shopping,1578,Debit
2023-07-30,Spotify,Music,199,Debit
2024-12-16,Amazon,Shopping,1796,Debit
2024-12-11,Swiggy,Food,2054,Debit
2023-09-11,Uber,Transport,459,Debit
2023-11-25,Swiggy,Food,384,Debit
2024-11-15,Starbucks,Food,379,Debit
2024-12-05,Starbucks,Food,827,Debit
2023-07-30,Hotstar,Entertainment,399,Debit
2023-11-27,Online Course,Education,2499,Debit
2023-12-20,Swiggy,Food,1346,Debit
2023-08-20,Zomato,Food,1217,Debit
2023-03-05,Uber,Transport,2087,Debit
2024-06-17,Uber,Transport,1080,Debit
2024-12-01,Ola,Transport,1794,Debit
2023-05-08,Ola,Transport,1374,Debit
2023-05-02,Amazon,Shopping,2051,Debit
2024-08-28,Zomato,Food,2020,Debit
2024-09-07,Amazon,Shopping,1818,Debit
2024-05-18,Starbucks,Food,1716,Debit
2023-07-31,Flipkart,Shopping,1471,Debit
2024-03-28,Uber,Transport,1895,Debit
2023-02-16,Zomato,Food,1410,Debit
2023-02-23,Swiggy,Food,1814,Debit
2023-01-29,Starbucks,Food,1193,Debit
2024-06-24,Gym Membership,Fitness,1800,Debit
2023-02-26,Amazon,Shopping,258,Debit
2024-11-20,Flipkart,Shopping,694,Debit
2024-04-25,Uber,Transport,1126,Debit
2023-05-17,Uber,Transport,1972,Debit
2023-06-07,Ola,Transport,263,Debit
2023-08-01,Starbucks,Food,460,Debit
2023-11-20,Amazon,Shopping,754,Debit
2024-04-25,Netflix,Entertainment,649,Debit
2023-03-30,Amazon,Shopping,1950,Debit
2024-09-19,Zomato,Food,739,Debit
2024-03-13,Uber,Transport,1174,Debit
2023-10-06,Swiggy,Food,897,Debit
2024-04-02,Starbucks,Food,908,Debit
2023-03-03,Zomato,Food,1752,Debit
2023-09-15,Starbucks,Food,1297,Debit
2023-05-07,Zomato,Food,568,Debit
2024-07-08,Swiggy,Food,1222,Debit
2024-11-21,Amazon Prime,Shopping,299,Debit
2024-05-31,Ola,Transport,1982,Debit
2024-03-24,Swiggy,Food,2015,Debit
2023-01-20,Swiggy,Food,1616,Debit
2024-02-05,Swiggy,Food,1161,Debit
2023-11-17,Amazon,Shopping,1631,Debit
2023-09-24,Ola,Transport,469,Debit
2024-06-01,Swiggy,Food,783,Debit
2024-11-21,Personal Loan EMI,EMI,8700,Debit
2023-08-26,Uber,Transport,1846,Debit
2023-07-14,Flipkart,Shopping,804,Debit
2024-06-13,Zomato,Food,505,Debit
2024-04-21,Swiggy,Food,2109,Debit
2023-05-28,Zomato,Food,1586,Debit
2024-08-10,Zomato,Food,1349,Debit
2023-01-03,Uber,Transport,683,Debit
2024-02-25,Personal Loan EMI,EMI,8700,Debit
2024-07-14,Swiggy,Food,335,Debit
2024-06-30,Zomato,Food,891,Debit
2023-03-24,Swiggy,Food,1840,Debit
2024-11-21,Credit Card EMI,EMI,5200,Debit
2024-09-02,Ola,Transport,1341,Debit
2024-12-16,Uber,Transport,250,Debit
2023-07-30,Amazon Prime,Shopping,299,Debit
2024-04-17,Swiggy,Food,1451,Debit
2024-01-29,Zomato,Food,1586,Debit
2023-03-16,Swiggy,Food,610,Debit
2023-07-07,Flipkart,Shopping,337,Debit
2024-05-18,Amazon,Shopping,1415,Debit
2023-10-10,Uber,Transport,956,Debit
2023-03-03,Flipkart,Shopping,1242,Debit
2024-07-05,Flipkart,Shopping,1434,Debit
2024-05-10,Flipkart,Shopping,1207,Debit
2024-06-04,Uber,Transport,2046,Debit
2024-01-26,Spotify,Music,199,Debit
2023-10-30,Ola,Transport,1991,Debit
2024-10-23,Uber,Transport,1334,Debit
2023-12-25,Flipkart,Shopping,1927,Debit
2024-04-15,Starbucks,Food,1756,Debit
2023-12-27,Online Course,Education,2499,Debit
2023-11-07,Zomato,Food,850,Debit
2023-01-25,Uber,Transport,1950,Debit
2023-06-20,Amazon,Shopping,800,Debit
2023-03-02,Flipkart,Shopping,436,Debit
2024-05-03,Flipkart,Shopping,607,Debit
2023-09-15,Amazon,Shopping,1326,Debit
2024-05-31,Swiggy,Food,578,Debit
2023-03-09,Zomato,Food,448,Debit
2024-08-23,Spotify,Music,199,Debit
2024-05-11,Swiggy,Food,1037,Debit
2024-05-10,Swiggy,Food,824,Debit
2024-03-06,Ola,Transport,662,Debit
2023-04-11,Zomato,Food,2030,Debit
2024-11-03,Starbucks,Food,1109,Debit
2023-02-21,Starbucks,Food,1609,Debit
2023-12-21,Swiggy,Food,1232,Debit
2023-12-18,Ola,Transport,1997,Debit
2023-09-24,Starbucks,Food,2194,Debit
2023-03-21,Swiggy,Food,699,Debit
2023-10-16,Amazon,Shopping,1204,Debit
2024-06-08,Swiggy,Food,1980,Debit
2023-09-04,Flipkart,Shopping,267,Debit
2023-02-05,Zomato,Food,1454,Debit
2023-08-15,Amazon,Shopping,601,Debit
2023-03-26,Starbucks,Food,1065,Debit
2024-06-24,Mobile Recharge,Utilities,809,Debit
2024-05-27,Swiggy,Food,719,Debit
2024-07-15,Starbucks,Food,1148,Debit
2023-09-14,Swiggy,Food,580,Debit
2023-05-05,Ola,Transport,692,Debit
2024-05-16,Flipkart,Shopping,1239,Debit
2024-11-26,Starbucks,Food,1623,Debit
2023-10-17,Starbucks,Food,1173,Debit
2023-02-08,Zomato,Food,808,Debit
2024-03-26,Swiggy,Food,956,Debit
2024-12-19,Ola,Transport,1026,Debit
2024-03-30,Flipkart,Shopping,1495,Debit
2023-06-16,Zomato,Food,1612,Debit
2023-10-28,Mobile Recharge,Utilities,740,Debit
2023-03-29,Uber,Transport,1596,Debit
2024-03-06,Ola,Transport,1625,Debit
2023-11-27,Spotify,Music,199,Debit
2023-06-24,Starbucks,Food,1133,Debit
2024-06-12,Starbucks,Food,1052,Debit
2024-07-17,Zomato,Food,1186,Debit
2024-01-04,Amazon,Shopping,1384,Debit
2023-01-26,Swiggy,Food,465,Debit
2023-11-19,Flipkart,Shopping,1931,Debit
2023-06-29,Ola,Transport,946,Debit
2024-01-05,Amazon,Shopping,2147,Debit
2024-08-15,Uber,Transport,698,Debit
2024-03-08,Uber,Transport,333,Debit
2023-02-22,Flipkart,Shopping,714,Debit
2023-01-28,Swiggy,Food,2018,Debit
2024-10-31,Uber,Transport,896,Debit
2023-08-15,Amazon,Shopping,287,Debit
2023-09-02,Uber,Transport,1007,Debit
2023-02-14,Swiggy,Food,550,Debit
2024-11-28,Uber,Transport,597,Debit
2023-12-02,Ola,Transport,1045,Debit
2024-05-08,Ola,Transport,768,Debit
2023-08-09,Zomato,Food,1299,Debit
2024-06-21,Swiggy,Food,555,Debit
2024-08-01,Uber,Transport,1906,Debit
2023-05-03,Ola,Transport,1871,Debit
2023-10-20,Swiggy,Food,356,Debit
2023-10-02,Amazon,Shopping,1318,Debit
2024-10-03,Swiggy,Food,1233,Debit
2023-08-30,Starbucks,Food,1210,Debit
2024-01-07,Swiggy,Food,1897,Debit
2023-09-16,Ola,Transport,1864,Debit
2024-02-16,Amazon,Shopping,1617,Debit
2024-10-22,Apple Music,Music,199,Debit
2023-08-21,Ola,Transport,1634,Debit
2023-09-29,Zomato,Food,1167,Debit
2023-01-16,Swiggy,Food,2057,Debit
2024-10-22,Netflix,Entertainment,649,Debit
2023-11-03,Uber,Transport,1595,Debit
2023-07-31,Swiggy,Food,1181,Debit
2024-05-22,Amazon,Shopping,1942,Debit
2024-03-15,Starbucks,Food,336,Debit
2024-05-30,Uber,Transport,784,Debit
2023-08-06,Uber,Transport,1527,Debit
2023-09-28,Salary,Income,42000,Credit
2024-03-02,Starbucks,Food,1883,Debit
2023-09-10,Starbucks,Food,1283,Debit
2023-10-08,Swiggy,Food,449,Debit
2024-04-24,Amazon,Shopping,952,Debit
2023-06-30,Personal Loan EMI,EMI,8700,Debit
2024-11-07,Flipkart,Shopping,1023,Debit
2023-08-29,Credit Card EMI,EMI,5200,Debit
2023-11-05,Zomato,Food,1394,Debit
2023-03-20,Flipkart,Shopping,748,Debit
2023-01-06,Amazon,Shopping,504,Debit
2023-06-22,Starbucks,Food,974,Debit
2023-08-23,Amazon,Shopping,631,Debit
2024-08-30,Starbucks,Food,1214,Debit
2023-12-03,Zomato,Food,1893,Debit
2023-05-27,Uber,Transport,365,Debit
2024-01-08,Flipkart,Shopping,374,Debit
2024-01-22,Zomato,Food,849,Debit
2024-02-28,Starbucks,Food,2087,Debit
2023-09-09,Uber,Transport,360,Debit
2023-06-14,Starbucks,Food,998,Debit
2024-12-21,Online Course,Education,2499,Debit
2023-11-10,Flipkart,Shopping,1056,Debit
2023-11-29,Uber,Transport,1906,Debit
2024-08-13,Starbucks,Food,1315,Debit
2024-12-25,Uber,Transport,1731,Debit
2024-09-03,Ola,Transport,1891,Debit
2024-03-26,Internet Bill,Utilities,1390,Debit
2024-04-21,Uber,Transport,881,Debit
2023-07-29,Flipkart,Shopping,2051,Debit
2024-03-03,Starbucks,Food,722,Debit
2024-01-30,Ola,Transport,2112,Debit
2024-04-04,Zomato,Food,2142,Debit
2023-04-17,Uber,Transport,1321,Debit
2023-11-04,Uber,Transport,1730,Debit
2024-02-15,Starbucks,Food,1333,Debit
2024-07-24,Electricity Bill,Utilities,3202,Debit
2023-11-25,Swiggy,Food,521,Debit
2024-01-31,Zomato,Food,1257,Debit
2023-01-31,Google Drive,Cloud,260,Debit
2023-03-02,Electricity Bill,Utilities,2609,Debit
2024-04-10,Starbucks,Food,1040,Debit
2023-11-18,Starbucks,Food,2153,Debit
2023-12-07,Swiggy,Food,970,Debit
2024-09-26,Amazon,Shopping,539,Debit
2023-11-01,Uber,Transport,485,Debit
2024-04-20,Flipkart,Shopping,1290,Debit
2023-05-27,Swiggy,Food,1541,Debit
2023-12-21,Swiggy,Food,863,Debit
2024-03-15,Ola,Transport,1437,Debit
2023-01-23,Swiggy,Food,480,Debit
2023-01-18,Uber,Transport,1942,Debit
2024-10-01,Starbucks,Food,1100,Debit
2023-02-22,Ola,Transport,1947,Debit
2024-08-17,Zomato,Food,1254,Debit
2024-07-11,Flipkart,Shopping,1042,Debit
2023-02-04,Amazon,Shopping,785,Debit
2024-06-07,Amazon,Shopping,1058,Debit
2024-06-09,Starbucks,Food,1742,Debit
2024-06-24,Spotify,Music,199,Debit
2024-09-22,Uber,Transport,1882,Debit
2023-05-29,Flipkart,Shopping,2036,Debit
2023-07-16,Ola,Transport,2098,Debit
2024-11-29,Starbucks,Food,861,Debit
2024-12-10,Swiggy,Food,1812,Debit
2023-07-08,Uber,Transport,1584,Debit
2024-10-22,Credit Card EMI,EMI,5200,Debit
2024-08-13,Zomato,Food,2025,Debit
2024-11-13,Ola,Transport,613,Debit
2024-04-10,Zomato,Food,1980,Debit
2023-12-29,Swiggy,Food,570,Debit
2024-07-24,Online Course,Education,2499,Debit
2023-07-26,Amazon,Shopping,1792,Debit
2023-06-30,Spotify,Music,199,Debit
2023-01-25,Ola,Transport,1490,Debit
2024-10-19,Flipkart,Shopping,598,Debit
2023-03-13,Zomato,Food,1176,Debit
2023-06-28,Zomato,Food,1164,Debit
2024-02-24,Flipkart,Shopping,1799,Debit
2023-12-27,Electricity Bill,Utilities,2984,Debit
2024-10-16,Swiggy,Food,980,Debit
2024-11-07,Starbucks,Food,1856,Debit
2023-11-27,Credit Card EMI,EMI,5200,Debit
2023-09-23,Ola,Transport,1438,Debit
2024-01-27,Swiggy,Food,1871,Debit
2023-11-19,Uber,Transport,2040,Debit
2023-02-06,Flipkart,Shopping,720,Debit
2023-07-02,Zomato,Food,282,Debit
2024-09-22,Credit Card EMI,EMI,5200,Debit
2024-01-02,Starbucks,Food,1465,Debit
2024-03-23,Amazon,Shopping,1282,Debit
2023-02-02,Zomato,Food,1191,Debit
2023-10-08,Zomato,Food,2060,Debit
2024-02-02,Ola,Transport,1756,Debit
2023-08-06,Swiggy,Food,420,Debit
2023-11-12,Swiggy,Food,1289,Debit
2024-04-15,Starbucks,Food,1443,Debit
2024-06-23,Amazon,Shopping,1724,Debit
2024-12-13,Ola,Transport,477,Debit
2023-08-29,Spotify,Music,199,Debit
2024-03-18,Ola,Transport,920,Debit
2024-09-22,Internet Bill,Utilities,1446,Debit
2024-11-25,Amazon,Shopping,2029,Debit
2024-11-21,Amazon,Shopping,1968,Debit
2023-12-25,Starbucks,Food,1392,Debit
2024-09-20,Uber,Transport,858,Debit
2024-01-29,Zomato,Food,1421,Debit
2024-10-10,Starbucks,Food,1241,Debit
2024-05-01,Ola,Transport,288,Debit
2024-04-16,Swiggy,Food,288,Debit
2024-04-19,Swiggy,Food,1506,Debit
2024-08-11,Zomato,Food,931,Debit
2024-07-08,Zomato,Food,1126,Debit
2023-03-28,Flipkart,Shopping,421,Debit
2023-02-27,Ola,Transport,663,Debit
2023-03-09,Ola,Transport,1535,Debit
2023-04-19,Swiggy,Food,283,Debit
2023-11-23,Amazon,Shopping,1165,Debit
2024-10-31,Ola,Transport,1704,Debit
2024-09-15,Ola,Transport,1022,Debit
2023-06-05,Starbucks,Food,291,Debit
2023-07-12,Ola,Transport,745,Debit
2023-07-18,Uber,Transport,846,Debit
2024-03-27,Swiggy,Food,1989,Debit
2024-02-27,Ola,Transport,930,Debit
2023-03-03,Zomato,Food,1715,Debit
2023-07-30,Online Course,Education,2499,Debit
2023-08-11,Starbucks,Food,2056,Debit
2024-12-25,Uber,Transport,1790,Debit
2024-03-26,Electricity Bill,Utilities,3634,Debit
2023-11-21,Zomato,Food,1712,Debit
2023-10-07,Starbucks,Food,1688,Debit
2023-07-08,Zomato,Food,1503,Debit
2023-06-01,Ola,Transport,450,Debit
2024-07-24,Google Drive,Cloud,260,Debit
2023-03-03,Flipkart,Shopping,577,Debit
2023-05-01,Netflix,Entertainment,649,Debit
2024-09-05,Uber,Transport,517,Debit
2024-02-18,Swiggy,Food,1090,Debit
2024-10-05,Swiggy,Food,688,Debit
2024-02-25,Hotstar,Entertainment,399,Debit
2023-08-25,Flipkart,Shopping,1745,Debit
2023-11-27,Google Drive,Cloud,260,Debit
2023-07-24,Amazon,Shopping,819,Debit
2023-07-07,Uber,Transport,693,Debit
2024-06-02,Swiggy,Food,697,Debit
2024-01-24,Swiggy,Food,2171,Debit
2024-11-14,Swiggy,Food,508,Debit
2023-08-20,Starbucks,Food,1191,Debit
2023-08-10,Flipkart,Shopping,1487,Debit
2024-11-11,Zomato,Food,1863,Debit
2024-07-15,Flipkart,Shopping,1639,Debit
2023-05-01,Starbucks,Food,310,Debit
2024-08-23,Netflix,Entertainment,649,Debit
2023-11-03,Starbucks,Food,394,Debit
2024-11-21,Apple Music,Music,199,Debit
2023-04-23,Uber,Transport,572,Debit
2023-12-27,Gym Membership,Fitness,1800,Debit
2024-05-25,Amazon Prime,Shopping,299,Debit
2023-05-30,Starbucks,Food,1665,Debit
2024-08-11,Zomato,Food,1596,Debit
2023-05-04,Zomato,Food,1566,Debit
2024-09-08,Swiggy,Food,265,Debit
2023-08-30,Starbucks,Food,821,Debit
2023-04-30,Zomato,Food,755,Debit
2023-06-09,Swiggy,Food,1572,Debit
2024-10-08,Ola,Transport,1315,Debit
2024-09-20,Starbucks,Food,610,Debit
2024-09-09,Uber,Transport,494,Debit
2024-04-07,Swiggy,Food,339,Debit
2023-10-13,Amazon,Shopping,802,Debit
2023-05-01,Uber,Transport,1036,Debit
2024-07-15,Flipkart,Shopping,1863,Debit
2023-11-11,Ola,Transport,879,Debit
2023-01-22,Ola,Transport,2014,Debit
2024-04-26,Flipkart,Shopping,1787,Debit
2023-10-07,Flipkart,Shopping,879,Debit
2023-02-18,Amazon,Shopping,291,Debit
2024-09-19,Uber,Transport,2083,Debit
2023-11-30,Ola,Transport,1159,Debit
2023-02-04,Flipkart,Shopping,903,Debit
2024-02-04,Amazon,Shopping,2031,Debit
2023-10-21,Uber,Transport,547,Debit
2023-12-27,Credit Card EMI,EMI,5200,Debit
2023-04-16,Zomato,Food,338,Debit
2024-08-23,Google Drive,Cloud,260,Debit
2024-03-28,Zomato,Food,2065,Debit
2023-11-10,Amazon,Shopping,2142,Debit
2023-10-25,Uber,Transport,978,Debit
2024-04-29,Ola,Transport,2145,Debit
2023-09-28,Apple Music,Music,199,Debit
2023-01-31,Electricity Bill,Utilities,2979,Debit
2024-08-23,Hotstar,Entertainment,399,Debit
2023-01-28,Amazon,Shopping,1866,Debit
2023-05-01,Credit Card EMI,EMI,5200,Debit
2024-07-06,Starbucks,Food,1313,Debit
2024-08-21,Zomato,Food,359,Debit
2024-05-25,Spotify,Music,199,Debit
2024-06-02,Uber,Transport,1345,Debit
2024-03-25,Swiggy,Food,1304,Debit
2023-09-25,Swiggy,Food,1497,Debit
2024-04-24,Zomato,Food,929,Debit
2023-08-28,Flipkart,Shopping,566,Debit
2023-06-24,Swiggy,Food,1939,Debit
2024-02-27,Amazon,Shopping,1896,Debit
2024-10-25,Starbucks,Food,272,Debit
2023-06-08,Starbucks,Food,2122,Debit
2023-06-30,Electricity Bill,Utilities,2708,Debit
2023-08-11,Swiggy,Food,1521,Debit
2023-05-01,Online Course,Education,2499,Debit
2023-03-06,Flipkart,Shopping,1626,Debit
2024-06-02,Amazon,Shopping,322,Debit
2024-03-06,Ola,Transport,1646,Debit
2023-10-20,Swiggy,Food,1437,Debit
2023-12-04,Zomato,Food,1996,Debit
2024-09-13,Flipkart,Shopping,1006,Debit
2024-10-16,Amazon,Shopping,1745,Debit
2023-01-03,Zomato,Food,1321,Debit
2024-11-20,Starbucks,Food,914,Debit
2024-11-16,Uber,Transport,1077,Debit
2023-05-08,Zomato,Food,2068,Debit
2024-08-20,Swiggy,Food,749,Debit
2024-01-30,Uber,Transport,1249,Debit
2023-04-05,Flipkart,Shopping,877,Debit
2023-09-03,Uber,Transport,521,Debit
2024-07-24,Flipkart,Shopping,1366,Debit
2023-08-19,Swiggy,Food,2084,Debit
2024-01-01,Starbucks,Food,1263,Debit
2024-09-27,Ola,Transport,1298,Debit
2023-10-31,Swiggy,Food,595,Debit
2024-03-10,Zomato,Food,1550,Debit
2024-03-24,Uber,Transport,1349,Debit
2023-06-30,Hotstar,Entertainment,399,Debit
2024-07-08,Starbucks,Food,418,Debit
2024-09-19,Starbucks,Food,1366,Debit
2024-11-15,Starbucks,Food,890,Debit
2024-01-12,Ola,Transport,960,Debit
2024-03-26,Personal Loan EMI,EMI,8700,Debit
2023-10-18,Ola,Transport,2128,Debit
2024-07-20,Starbucks,Food,2017,Debit
2023-02-01,Uber,Transport,2071,Debit
2023-01-31,Internet Bill,Utilities,1505,Debit
2023-09-14,Swiggy,Food,2044,Debit
2024-03-07,Amazon,Shopping,2151,Debit
2024-01-26,Hotstar,Entertainment,399,Debit
2023-07-15,Flipkart,Shopping,955,Debit
2023-07-05,Flipkart,Shopping,1198,Debit
2023-04-24,Flipkart,Shopping,1027,Debit
2023-10-31,Amazon,Shopping,638,Debit
2024-06-19,Starbucks,Food,1273,Debit
2024-03-04,Uber,Transport,1501,Debit
2023-05-15,Uber,Transport,1094,Debit
2024-03-09,Flipkart,Shopping,703,Debit
2023-03-11,Zomato,Food,1736,Debit
2024-08-23,Gym Membership,Fitness,1800,Debit
2024-07-12,Amazon,Shopping,540,Debit
2024-03-28,Flipkart,Shopping,2153,Debit
2024-01-13,Swiggy,Food,1091,Debit
2024-11-21,Internet Bill,Utilities,1144,Debit
2024-12-02,Uber,Transport,1161,Debit
2023-05-22,Flipkart,Shopping,1067,Debit
2024-05-17,Starbucks,Food,1453,Debit
2023-05-14,Zomato,Food,1614,Debit
2023-03-15,Flipkart,Shopping,564,Debit
2023-06-07,Zomato,Food,1308,Debit
2023-02-05,Swiggy,Food,347,Debit
2023-01-18,Amazon,Shopping,2055,Debit
2023-12-24,Uber,Transport,2134,Debit
2023-12-05,Zomato,Food,1352,Debit
2024-02-01,Amazon,Shopping,1666,Debit
2024-08-25,Ola,Transport,1220,Debit
2024-07-06,Zomato,Food,1826,Debit
2023-12-21,Swiggy,Food,1197,Debit
2023-07-29,Amazon,Shopping,464,Debit
2024-06-26,Uber,Transport,2085,Debit
2023-03-02,Salary,Income,42000,Credit
2023-01-26,Zomato,Food,1763,Debit
2024-06-04,Ola,Transport,1683,Debit
2024-12-14,Starbucks,Food,1379,Debit
2024-07-25,Starbucks,Food,1907,Debit
2024-01-14,Starbucks,Food,894,Debit
2023-02-17,Flipkart,Shopping,2040,Debit
2024-01-28,Uber,Transport,1519,Debit
2024-10-29,Flipkart,Shopping,1134,Debit
2024-11-03,Ola,Transport,779,Debit
2024-07-20,Swiggy,Food,1231,Debit
2024-07-31,Zomato,Food,2089,Debit
2024-02-13,Uber,Transport,528,Debit
2024-06-18,Flipkart,Shopping,1077,Debit
2023-05-31,Uber,Transport,1312,Debit
2023-07-16,Zomato,Food,389,Debit
